_id,Name,Type,Level,Rarity,Damage,Health,Energy,Sanity,Time Stamp
61214e46f641cb123bdb6717,Steam Spirit,Fey,5,Rank 0,5d2,10.63,9.6,10.03,2021-08-21 12:04:38
61214e46f641cb123bdb6718,Mud Elemental,Elemental,5,Rank 1,5d4+3,20.5,20.62,18.17,2021-08-21 12:04:38
61214e46f641cb123bdb6719,Zombie Villager,Undead,8,Rank 1,8d4+1,32.05,31.93,30.48,2021-08-21 12:04:38
61214e46f641cb123bdb671a,Kobold Villager,Devilkin,10,Rank 2,10d6+4,62.37,58.42,61.53,2021-08-21 12:04:38
61214e46f641cb123bdb671b,Green Wyrmling,Dragon,5,Rank 0,5d2,10.58,10.29,9.31,2021-08-21 12:04:38
61214e46f641cb123bdb671c,Ice Spirit,Fey,6,Rank 3,6d8,44.41,48.72,47.21,2021-08-21 12:04:38
61214e46f641cb123bdb671d,Efreeti,Elemental,5,Rank 0,5d2+3,10.65,9.06,10.26,2021-08-21 12:04:38
61214e46f641cb123bdb671e,Green Demon,Demonic,4,Rank 4,4d10,42.35,43.37,36.12,2021-08-21 12:04:38
61214e46f641cb123bdb671f,Zombie Villager,Undead,4,Rank 1,4d4,17.42,14.14,15.57,2021-08-21 12:04:38
61214e46f641cb123bdb6720,Red Dragon,Dragon,13,Rank 2,13d6+4,77.11,75.52,79.66,2021-08-21 12:04:38
61214e46f641cb123bdb6721,Mud Mephit,Elemental,9,Rank 3,9d8,75.32,70.87,71.12,2021-08-21 12:04:38
61214e46f641cb123bdb6722,Green Demon,Demonic,7,Rank 0,7d2,14.65,13.34,14.96,2021-08-21 12:04:38
61214e46f641cb123bdb6723,Demilich,Undead,5,Rank 0,5d2,10.19,10.83,10.53,2021-08-21 12:04:38
61214e46f641cb123bdb6724,Black Wyrmling,Dragon,6,Rank 0,6d2,11.03,12.58,12.4,2021-08-21 12:04:38
61214e46f641cb123bdb6725,Mud Spirit,Fey,9,Rank 0,9d2,17.99,17.64,18.54,2021-08-21 12:04:38
61214e46f641cb123bdb6726,Mud Elemental,Elemental,10,Rank 2,10d6+4,58.07,59.73,61.92,2021-08-21 12:04:38
61214e46f641cb123bdb6727,Hook Horror,Demonic,5,Rank 2,5d6+4,28.19,29.03,31.82,2021-08-21 12:04:38
61214e46f641cb123bdb6728,Ghast,Undead,5,Rank 0,5d2,10.14,9.56,10.01,2021-08-21 12:04:38
61214e46f641cb123bdb6729,Goblin Villager,Devilkin,4,Rank 2,4d6,23.82,23.76,25.92,2021-08-21 12:04:38
61214e46f641cb123bdb672a,Faerie Dragon,Dragon,7,Rank 4,7d10,66.68,65.38,69.21,2021-08-21 12:04:38
61214e46f641cb123bdb672b,Steam Mephit,Elemental,6,Rank 1,6d4+1,24.69,23.98,23.72,2021-08-21 12:04:38
61214e46f641cb123bdb672c,Imp,Demonic,3,Rank 3,3d8,22.39,26.54,24.87,2021-08-21 12:04:38
61214e46f641cb123bdb672d,Skeletal Villager,Undead,5,Rank 4,5d10+1,50.72,50.36,53.92,2021-08-21 12:04:38
61214e46f641cb123bdb672e,Goblin Villager,Devilkin,4,Rank 1,4d4+1,16.59,15.19,14.43,2021-08-21 12:04:38
61214e46f641cb123bdb672f,Green Dragon,Dragon,4,Rank 5,4d12,47.58,44.49,48.04,2021-08-21 12:04:38
61214e46f641cb123bdb6730,Green Faerie,Fey,6,Rank 2,6d6+5,34.65,35.97,38.31,2021-08-21 12:04:38
61214e46f641cb123bdb6731,Quasit,Demonic,7,Rank 4,7d10+1,71.76,72.3,73.97,2021-08-21 12:04:38
61214e46f641cb123bdb6732,Banshee,Undead,6,Rank 0,6d2+3,12.18,12.12,12.38,2021-08-21 12:04:38
61214e46f641cb123bdb6733,Kobold Villager,Devilkin,3,Rank 3,3d8+3,26.4,21.06,22.14,2021-08-21 12:04:38
61214e46f641cb123bdb6734,Onyx Dragon,Dragon,10,Rank 4,10d10+1,96.87,103.92,102.75,2021-08-21 12:04:38
61214e46f641cb123bdb6735,Green Faerie,Fey,4,Rank 3,4d8+2,30.29,35.21,29.06,2021-08-21 12:04:38
61214e46f641cb123bdb6736,Nightmare,Demonic,7,Rank 1,7d4,28.05,27.36,26.13,2021-08-21 12:04:38
61214e46f641cb123bdb6737,Pit Lord,Devilkin,4,Rank 0,4d2,7.48,7.24,8.78,2021-08-21 12:04:38
61214e46f641cb123bdb6738,Bronze Faerie,Fey,10,Rank 3,10d8,76.07,82.0,80.26,2021-08-21 12:04:38
61214e46f641cb123bdb6739,Green Demon,Demonic,9,Rank 3,9d8,75.42,74.74,70.3,2021-08-21 12:04:38
61214e46f641cb123bdb673a,Goblin Villager,Devilkin,7,Rank 2,7d6+2,42.09,40.59,43.84,2021-08-21 12:04:38
61214e46f641cb123bdb673b,Pseudodragon,Dragon,4,Rank 0,4d2+1,7.78,8.85,7.25,2021-08-21 12:04:38
61214e46f641cb123bdb673c,Steam Spirit,Fey,9,Rank 1,9d4+3,36.38,36.7,35.52,2021-08-21 12:04:38
61214e46f641cb123bdb673d,Night Hag,Demonic,6,Rank 1,6d4,25.41,24.77,23.82,2021-08-21 12:04:38
61214e46f641cb123bdb673e,Vampire,Undead,7,Rank 0,7d2+3,14.17,14.85,14.95,2021-08-21 12:04:38
61214e46f641cb123bdb673f,Goblin Archer,Devilkin,6,Rank 2,6d6+1,33.74,36.17,36.25,2021-08-21 12:04:38
61214e46f641cb123bdb6740,Pseudodragon,Dragon,4,Rank 0,4d2+1,7.23,8.71,7.45,2021-08-21 12:04:38
61214e46f641cb123bdb6741,Green Faerie,Fey,3,Rank 2,3d6,17.84,16.97,17.92,2021-08-21 12:04:38
61214e46f641cb123bdb6742,Djinni,Elemental,9,Rank 2,9d6,53.46,54.27,53.74,2021-08-21 12:04:38
61214e46f641cb123bdb6743,Banshee,Undead,5,Rank 0,5d2+1,9.5,10.71,10.29,2021-08-21 12:04:38
61214e46f641cb123bdb6744,Goblin Villager,Devilkin,3,Rank 0,3d2+1,6.61,6.25,6.48,2021-08-21 12:04:38
61214e46f641cb123bdb6745,Blue Drake,Dragon,2,Rank 0,2d2+4,4.59,4.4,3.77,2021-08-21 12:04:38
61214e46f641cb123bdb6746,Djinni,Elemental,4,Rank 1,4d4,17.4,15.82,17.13,2021-08-21 12:04:38
61214e46f641cb123bdb6747,Quasit,Demonic,5,Rank 4,5d10+2,46.88,51.41,52.9,2021-08-21 12:04:38
61214e46f641cb123bdb6748,Vampire,Undead,7,Rank 2,7d6,42.15,43.35,41.21,2021-08-21 12:04:38
61214e46f641cb123bdb6749,Succubus,Devilkin,4,Rank 4,4d10+1,36.69,36.69,41.4,2021-08-21 12:04:38
61214e46f641cb123bdb674a,Wyvern,Dragon,7,Rank 3,7d8+1,56.49,56.64,57.26,2021-08-21 12:04:38
61214e46f641cb123bdb674b,Blue Faerie,Fey,5,Rank 1,5d4,21.72,20.3,19.52,2021-08-21 12:04:38
61214e46f641cb123bdb674c,Hell Hound,Demonic,5,Rank 2,5d6+2,32.79,32.56,29.04,2021-08-21 12:04:38
61214e46f641cb123bdb674d,Zombie Villager,Undead,8,Rank 0,8d2+3,15.29,15.67,15.16,2021-08-21 12:04:38
61214e46f641cb123bdb674e,Kobold Villager,Devilkin,8,Rank 0,8d2+1,15.13,16.89,16.22,2021-08-21 12:04:38
61214e46f641cb123bdb674f,White Wyrmling,Dragon,6,Rank 0,6d2+2,12.45,12.04,11.08,2021-08-21 12:04:38
61214e46f641cb123bdb6750,Blue Faerie,Fey,6,Rank 1,6d4+1,23.94,24.97,23.33,2021-08-21 12:04:38
61214e46f641cb123bdb6751,Dust Mephit,Elemental,5,Rank 1,5d4+3,19.69,20.04,19.66,2021-08-21 12:04:38
61214e46f641cb123bdb6752,Nightmare,Demonic,7,Rank 4,7d10+4,69.16,69.3,69.47,2021-08-21 12:04:38
61214e46f641cb123bdb6753,Lich,Undead,3,Rank 2,3d6+3,18.93,17.68,19.56,2021-08-21 12:04:38
61214e46f641cb123bdb6754,Kobold Villager,Devilkin,6,Rank 4,6d10,57.46,58.83,62.08,2021-08-21 12:04:38
61214e46f641cb123bdb6755,Blue Faerie,Fey,3,Rank 1,3d4,12.61,12.49,11.35,2021-08-21 12:04:38
61214e46f641cb123bdb6756,Imp,Demonic,8,Rank 2,8d6+1,49.56,46.55,50.91,2021-08-21 12:04:38
61214e46f641cb123bdb6757,Succubus,Devilkin,7,Rank 2,7d6+2,40.95,42.74,41.16,2021-08-21 12:04:38
61214e46f641cb123bdb6758,White Drake,Dragon,6,Rank 2,6d6+1,34.21,36.79,34.73,2021-08-21 12:04:38
61214e46f641cb123bdb6759,Mud Spirit,Fey,3,Rank 3,3d8+3,22.83,23.15,25.65,2021-08-21 12:04:38
61214e46f641cb123bdb675a,Spore Mephit,Elemental,6,Rank 1,6d4,24.22,22.69,24.55,2021-08-21 12:04:38
61214e46f641cb123bdb675b,Quasit,Demonic,10,Rank 0,10d2+1,20.71,20.34,20.76,2021-08-21 12:04:38
61214e46f641cb123bdb675c,Zombie Villager,Undead,4,Rank 0,4d2+2,7.71,7.37,8.28,2021-08-21 12:04:38
61214e46f641cb123bdb675d,Kobold Villager,Devilkin,5,Rank 1,5d4,19.17,20.69,19.88,2021-08-21 12:04:38
61214e46f641cb123bdb675e,Red Wyrmling,Dragon,6,Rank 0,6d2+1,11.39,11.52,12.36,2021-08-21 12:04:38
61214e46f641cb123bdb675f,Steam Spirit,Fey,8,Rank 1,8d4,30.76,33.64,32.61,2021-08-21 12:04:38
61214e46f641cb123bdb6760,Mud Mephit,Elemental,4,Rank 1,4d4+4,15.89,15.89,14.41,2021-08-21 12:04:38
61214e46f641cb123bdb6761,Banshee,Undead,4,Rank 3,4d8,31.39,32.25,34.8,2021-08-21 12:04:38
61214e46f641cb123bdb6762,Pseudodragon,Dragon,7,Rank 3,7d8+1,57.74,58.66,54.94,2021-08-21 12:04:38
61214e46f641cb123bdb6763,Blue Faerie,Fey,9,Rank 1,9d4+1,36.91,34.54,34.03,2021-08-21 12:04:38
61214e46f641cb123bdb6764,Ice Mephit,Elemental,7,Rank 4,7d10+1,69.7,66.47,72.36,2021-08-21 12:04:38
61214e46f641cb123bdb6765,Imp,Demonic,7,Rank 5,7d12+1,83.57,89.45,79.85,2021-08-21 12:04:38
61214e46f641cb123bdb6766,Skeletal Archer,Undead,5,Rank 1,5d4+1,19.51,19.02,19.33,2021-08-21 12:04:38
61214e46f641cb123bdb6767,Green Drake,Dragon,4,Rank 3,4d8+4,29.28,29.76,29.31,2021-08-21 12:04:38
61214e46f641cb123bdb6768,Black Faerie,Fey,9,Rank 4,9d10+3,91.26,93.88,87.37,2021-08-21 12:04:38
61214e46f641cb123bdb6769,Steam Elemental,Elemental,9,Rank 1,9d4+1,35.59,35.71,34.89,2021-08-21 12:04:38
61214e46f641cb123bdb676a,Quasit,Demonic,6,Rank 2,6d6,34.37,35.65,35.87,2021-08-21 12:04:38
61214e46f641cb123bdb676b,Wraith,Undead,3,Rank 2,3d6+3,20.97,20.79,20.01,2021-08-21 12:04:38
61214e46f641cb123bdb676c,Kobold Villager,Devilkin,9,Rank 0,9d2+1,17.67,17.27,17.41,2021-08-21 12:04:38
61214e46f641cb123bdb676d,Blue Drake,Dragon,4,Rank 3,4d8,32.54,32.11,34.41,2021-08-21 12:04:38
61214e46f641cb123bdb676e,Steam Elemental,Elemental,3,Rank 2,3d6,16.29,19.23,16.14,2021-08-21 12:04:38
61214e46f641cb123bdb676f,Hell Hound,Demonic,5,Rank 1,5d4+1,21.81,20.37,20.44,2021-08-21 12:04:38
61214e46f641cb123bdb6770,Ghoul,Undead,4,Rank 0,4d2+3,7.59,7.6,8.81,2021-08-21 12:04:38
61214e46f641cb123bdb6771,Goblin Villager,Devilkin,6,Rank 2,6d6+3,35.31,36.5,38.66,2021-08-21 12:04:38
61214e46f641cb123bdb6772,Blue Dragon,Dragon,7,Rank 5,7d12+3,83.76,86.71,80.95,2021-08-21 12:04:38
61214e46f641cb123bdb6773,Blue Faerie,Fey,3,Rank 2,3d6,18.9,18.07,17.83,2021-08-21 12:04:38
61214e46f641cb123bdb6774,Quasit,Demonic,6,Rank 3,6d8,47.6,50.73,45.29,2021-08-21 12:04:38
61214e46f641cb123bdb6775,Kobold Villager,Devilkin,10,Rank 3,10d8+3,77.34,78.47,80.76,2021-08-21 12:04:38
61214e46f641cb123bdb6776,Black Wyrmling,Dragon,5,Rank 4,5d10+5,50.81,53.5,52.03,2021-08-21 12:04:38
61214e46f641cb123bdb6777,Ice Spirit,Fey,6,Rank 1,6d4+4,24.19,25.31,24.65,2021-08-21 12:04:38
61214e46f641cb123bdb6778,Steam Mephit,Elemental,4,Rank 4,4d10+4,37.47,38.33,42.17,2021-08-21 12:04:38
61214e46f641cb123bdb6779,Pit Fiend,Demonic,4,Rank 4,4d10+1,40.1,36.58,36.0,2021-08-21 12:04:38
61214e46f641cb123bdb677a,Zombie Guard,Undead,5,Rank 0,5d2,10.93,10.5,10.08,2021-08-21 12:04:38
61214e46f641cb123bdb677b,Steam Devil,Devilkin,9,Rank 2,9d6+3,52.88,53.58,52.39,2021-08-21 12:04:38
61214e46f641cb123bdb677c,Blue Wyrmling,Dragon,5,Rank 2,5d6,30.26,29.41,27.63,2021-08-21 12:04:38
61214e46f641cb123bdb677d,Steam Spirit,Fey,9,Rank 2,9d6+1,54.96,51.93,55.34,2021-08-21 12:04:38
61214e46f641cb123bdb677e,Mud Elemental,Elemental,9,Rank 0,9d2+3,17.44,17.47,18.51,2021-08-21 12:04:38
61214e46f641cb123bdb677f,Quasit,Demonic,5,Rank 3,5d8+4,38.07,36.59,40.67,2021-08-21 12:04:38
61214e46f641cb123bdb6780,Wight,Undead,9,Rank 2,9d6+1,54.46,52.72,53.59,2021-08-21 12:04:38
61214e46f641cb123bdb6781,Pit Lord,Devilkin,8,Rank 0,8d2+2,16.82,16.27,16.87,2021-08-21 12:04:38
61214e46f641cb123bdb6782,Faerie Dragon,Dragon,7,Rank 3,7d8,57.72,57.27,59.3,2021-08-21 12:04:38
61214e46f641cb123bdb6783,Mud Mephit,Elemental,9,Rank 1,9d4+2,35.88,35.74,34.13,2021-08-21 12:04:38
61214e46f641cb123bdb6784,Poltergeist,Undead,4,Rank 2,4d6,26.71,22.8,26.11,2021-08-21 12:04:38
61214e46f641cb123bdb6785,Goblin Villager,Devilkin,9,Rank 0,9d2+4,18.73,17.02,17.81,2021-08-21 12:04:38
61214e46f641cb123bdb6786,Mud Spirit,Fey,3,Rank 1,3d4+1,11.29,12.44,12.62,2021-08-21 12:04:38
61214e46f641cb123bdb6787,Hell Hound,Demonic,5,Rank 3,5d8+1,38.94,41.86,40.12,2021-08-21 12:04:38
61214e46f641cb123bdb6788,Kobold Archer,Devilkin,8,Rank 2,8d6+4,46.86,48.64,48.23,2021-08-21 12:04:38
61214e46f641cb123bdb6789,Red Faerie,Fey,3,Rank 1,3d4,11.64,10.48,10.39,2021-08-21 12:04:38
61214e46f641cb123bdb678a,Smoke Elemental,Elemental,9,Rank 5,9d12+3,106.42,107.58,105.0,2021-08-21 12:04:38
61214e46f641cb123bdb678b,Imp,Demonic,7,Rank 1,7d4,27.0,27.81,29.35,2021-08-21 12:04:38
61214e46f641cb123bdb678c,Succubus,Devilkin,4,Rank 0,4d2,7.42,8.16,7.12,2021-08-21 12:04:38
61214e46f641cb123bdb678d,Blue Wyrmling,Dragon,6,Rank 3,6d8+1,47.85,45.65,46.87,2021-08-21 12:04:38
61214e46f641cb123bdb678e,Mud Elemental,Elemental,6,Rank 2,6d6+4,36.04,36.94,35.05,2021-08-21 12:04:38
61214e46f641cb123bdb678f,Quasit,Demonic,7,Rank 1,7d4+3,26.4,27.86,28.98,2021-08-21 12:04:38
61214e46f641cb123bdb6790,Goblin Villager,Devilkin,6,Rank 0,6d2+3,11.91,11.18,12.68,2021-08-21 12:04:38
61214e46f641cb123bdb6791,Green Drake,Dragon,8,Rank 2,8d6+1,49.4,47.83,48.96,2021-08-21 12:04:38
61214e46f641cb123bdb6792,Green Faerie,Fey,8,Rank 4,8d10,79.54,83.2,76.08,2021-08-21 12:04:38
61214e46f641cb123bdb6793,Hell Hound,Demonic,7,Rank 1,7d4+1,28.13,27.16,28.64,2021-08-21 12:04:38
61214e46f641cb123bdb6794,Ghast,Undead,5,Rank 4,5d10+2,46.82,47.51,50.88,2021-08-21 12:04:38
61214e46f641cb123bdb6795,Pit Lord,Devilkin,8,Rank 1,8d4+1,30.36,31.61,32.84,2021-08-21 12:04:38
61214e46f641cb123bdb6796,Ice Spirit,Fey,7,Rank 1,7d4+5,28.6,27.55,26.84,2021-08-21 12:04:38
61214e46f641cb123bdb6797,Efreeti,Elemental,6,Rank 1,6d4+2,24.4,24.26,24.28,2021-08-21 12:04:38
61214e46f641cb123bdb6798,Revenant,Undead,2,Rank 0,2d2+1,4.98,3.7,4.31,2021-08-21 12:04:38
61214e46f641cb123bdb6799,Faerie Dragon,Dragon,9,Rank 1,9d4+2,35.67,34.47,36.07,2021-08-21 12:04:38
61214e46f641cb123bdb679a,Djinni,Elemental,2,Rank 0,2d2+2,3.57,3.81,3.07,2021-08-21 12:04:38
61214e46f641cb123bdb679b,Green Demon,Demonic,10,Rank 2,10d6+1,62.79,61.74,60.81,2021-08-21 12:04:38
61214e46f641cb123bdb679c,Zombie Guard,Undead,9,Rank 3,9d8+1,73.2,69.29,73.02,2021-08-21 12:04:38
61214e46f641cb123bdb679d,Mud Devil,Devilkin,5,Rank 0,5d2+1,10.49,9.52,10.16,2021-08-21 12:04:38
61214e46f641cb123bdb679e,Red Wyrmling,Dragon,4,Rank 0,4d2+2,8.27,7.09,8.96,2021-08-21 12:04:38
61214e46f641cb123bdb679f,Mud Spirit,Fey,4,Rank 0,4d2+2,7.68,7.4,8.95,2021-08-21 12:04:38
61214e46f641cb123bdb67a0,Ice Elemental,Elemental,6,Rank 2,6d6+2,36.64,37.2,37.79,2021-08-21 12:04:38
61214e46f641cb123bdb67a1,Balor,Demonic,9,Rank 0,9d2,18.01,18.86,18.32,2021-08-21 12:04:38
61214e46f641cb123bdb67a2,Zombie Villager,Undead,7,Rank 3,7d8,56.05,55.95,54.86,2021-08-21 12:04:38
61214e46f641cb123bdb67a3,Pseudodragon,Dragon,7,Rank 0,7d2+3,14.08,13.44,14.04,2021-08-21 12:04:38
61214e46f641cb123bdb67a4,Dust Spirit,Fey,7,Rank 0,7d2+1,14.2,13.79,14.72,2021-08-21 12:04:38
61214e46f641cb123bdb67a5,Ice Mephit,Elemental,17,Rank 3,17d8+4,139.58,134.9,135.87,2021-08-21 12:04:38
61214e46f641cb123bdb67a6,Banshee,Undead,6,Rank 2,6d6+1,36.11,34.92,37.99,2021-08-21 12:04:38
61214e46f641cb123bdb67a7,Pseudodragon,Dragon,6,Rank 0,6d2+1,11.24,11.27,12.26,2021-08-21 12:04:38
61214e46f641cb123bdb67a8,Steam Elemental,Elemental,8,Rank 2,8d6,49.23,45.93,46.07,2021-08-21 12:04:38
61214e46f641cb123bdb67a9,Nightmare,Demonic,6,Rank 2,6d6+3,38.93,36.17,34.97,2021-08-21 12:04:38
61214e46f641cb123bdb67aa,Banshee,Undead,6,Rank 0,6d2+3,11.82,11.05,11.76,2021-08-21 12:04:38
61214e46f641cb123bdb67ab,Goblin Villager,Devilkin,8,Rank 3,8d8+2,64.34,61.49,63.88,2021-08-21 12:04:38
61214e46f641cb123bdb67ac,Steam Archfey,Fey,12,Rank 2,12d6+2,73.54,72.14,70.24,2021-08-21 12:04:38
61214e46f641cb123bdb67ad,Steam Mephit,Elemental,9,Rank 1,9d4,36.84,36.82,36.64,2021-08-21 12:04:38
61214e46f641cb123bdb67ae,Zombie Villager,Undead,6,Rank 0,6d2,12.83,11.92,11.44,2021-08-21 12:04:38
61214e46f641cb123bdb67af,Kobold Villager,Devilkin,7,Rank 0,7d2+2,14.27,13.09,13.91,2021-08-21 12:04:38
61214e46f641cb123bdb67b0,Green Wyrmling,Dragon,5,Rank 0,5d2,10.63,9.86,10.21,2021-08-21 12:04:38
61214e46f641cb123bdb67b1,Green Faerie,Fey,10,Rank 1,10d4+1,39.06,39.72,40.77,2021-08-21 12:04:38
61214e46f641cb123bdb67b2,Ice Elemental,Elemental,7,Rank 0,7d2+1,14.88,14.64,13.34,2021-08-21 12:04:38
61214e46f641cb123bdb67b3,Quasit,Demonic,9,Rank 3,9d8+2,69.46,72.09,69.36,2021-08-21 12:04:38
61214e46f641cb123bdb67b4,Skeletal Archer,Undead,5,Rank 5,5d12+2,64.35,56.35,59.92,2021-08-21 12:04:38
61214e46f641cb123bdb67b5,Goblin Villager,Devilkin,7,Rank 2,7d6+4,42.98,40.44,44.61,2021-08-21 12:04:38
61214e46f641cb123bdb67b6,Blue Dragon,Dragon,5,Rank 2,5d6,28.19,31.05,29.07,2021-08-21 12:04:38
61214e46f641cb123bdb67b7,Ice Spirit,Fey,6,Rank 1,6d4,22.48,23.32,23.47,2021-08-21 12:04:38
61214e46f641cb123bdb67b8,Djinni,Elemental,3,Rank 3,3d8,26.51,22.6,27.69,2021-08-21 12:04:38
61214e46f641cb123bdb67b9,Ghostly Villager,Undead,7,Rank 2,7d6+1,39.84,40.84,43.14,2021-08-21 12:04:38
61214e46f641cb123bdb67ba,Onyx Drake,Dragon,9,Rank 1,9d4+2,34.33,36.51,36.32,2021-08-21 12:04:38
61214e46f641cb123bdb67bb,Mud Spirit,Fey,4,Rank 1,4d4+2,16.19,15.43,14.65,2021-08-21 12:04:38
61214e46f641cb123bdb67bc,Steam Elemental,Elemental,6,Rank 1,6d4+3,25.88,25.05,23.16,2021-08-21 12:04:38
61214e46f641cb123bdb67bd,Quasit,Demonic,9,Rank 0,9d2,17.27,17.59,18.74,2021-08-21 12:04:38
61214e46f641cb123bdb67be,Ghostly Guard,Undead,9,Rank 0,9d2+2,18.8,18.48,18.63,2021-08-21 12:04:38
61214e46f641cb123bdb67bf,Succubus,Devilkin,5,Rank 1,5d4+1,20.33,19.92,21.32,2021-08-21 12:04:38
61214e46f641cb123bdb67c0,Black Archfey,Fey,7,Rank 2,7d6+5,41.43,43.38,40.9,2021-08-21 12:04:38
61214e46f641cb123bdb67c1,Hell Hound,Demonic,12,Rank 3,12d8+4,97.53,97.11,96.71,2021-08-21 12:04:38
61214e46f641cb123bdb67c2,Pit Lord,Devilkin,4,Rank 4,4d10+1,42.99,37.41,42.23,2021-08-21 12:04:38
61214e46f641cb123bdb67c3,Pseudodragon,Dragon,8,Rank 0,8d2,16.04,15.38,16.76,2021-08-21 12:04:38
61214e46f641cb123bdb67c4,Steam Spirit,Fey,9,Rank 2,9d6+1,53.67,53.81,54.95,2021-08-21 12:04:38
61214e46f641cb123bdb67c5,Efreeti,Elemental,3,Rank 0,3d2+2,6.97,5.08,5.16,2021-08-21 12:04:38
61214e46f641cb123bdb67c6,Ghast,Undead,4,Rank 2,4d6+3,24.38,21.72,21.05,2021-08-21 12:04:38
61214e46f641cb123bdb67c7,Kobold Villager,Devilkin,5,Rank 0,5d2,9.94,10.77,9.73,2021-08-21 12:04:38
61214e46f641cb123bdb67c8,Black Faerie,Fey,9,Rank 4,9d10+3,90.01,89.17,86.65,2021-08-21 12:04:38
61214e46f641cb123bdb67c9,Hook Horror,Demonic,4,Rank 2,4d6,21.52,22.84,21.83,2021-08-21 12:04:38
61214e46f641cb123bdb67ca,Skeletal Villager,Undead,3,Rank 4,3d10+1,33.58,30.89,28.08,2021-08-21 12:04:38
61214e46f641cb123bdb67cb,Kobold Villager,Devilkin,10,Rank 0,10d2+2,20.72,20.81,20.12,2021-08-21 12:04:38
61214e46f641cb123bdb67cc,Black Dragon,Dragon,7,Rank 0,7d2+1,13.03,14.75,14.73,2021-08-21 12:04:38
61214e46f641cb123bdb67cd,Blue Faerie,Fey,10,Rank 1,10d4+3,39.59,40.79,39.68,2021-08-21 12:04:38
61214e46f641cb123bdb67ce,Steam Mephit,Elemental,6,Rank 0,6d2,12.88,12.01,12.21,2021-08-21 12:04:38
61214e46f641cb123bdb67cf,Ghostly Villager,Undead,5,Rank 2,5d6,29.54,31.99,29.68,2021-08-21 12:04:38
61214e46f641cb123bdb67d0,Pit Lord,Devilkin,11,Rank 1,11d4+2,43.33,42.92,45.48,2021-08-21 12:04:38
61214e46f641cb123bdb67d1,Green Drake,Dragon,5,Rank 1,5d4+1,20.3,19.81,19.68,2021-08-21 12:04:38
61214e46f641cb123bdb67d2,Dust Mephit,Elemental,7,Rank 3,7d8+2,56.43,56.61,58.19,2021-08-21 12:04:38
61214e46f641cb123bdb67d3,Lich,Undead,5,Rank 1,5d4+1,19.1,19.92,19.54,2021-08-21 12:04:38
61214e46f641cb123bdb67d4,Brass Drake,Dragon,10,Rank 3,10d8,77.1,78.35,76.35,2021-08-21 12:04:38
61214e46f641cb123bdb67d5,Blue Faerie,Fey,5,Rank 2,5d6+3,31.55,28.16,29.77,2021-08-21 12:04:38
61214e46f641cb123bdb67d6,Steam Elemental,Elemental,3,Rank 4,3d10+3,30.98,28.13,28.33,2021-08-21 12:04:38
61214e46f641cb123bdb67d7,Hell Hound,Demonic,8,Rank 1,8d4,33.11,30.06,31.52,2021-08-21 12:04:38
61214e46f641cb123bdb67d8,Zombie Guard,Undead,8,Rank 0,8d2,15.85,15.75,15.64,2021-08-21 12:04:38
61214e46f641cb123bdb67d9,Prince of Fear,Devilkin,7,Rank 3,7d8,56.22,57.83,53.22,2021-08-21 12:04:38
61214e46f641cb123bdb67da,Red Wyrmling,Dragon,9,Rank 3,9d8,73.34,68.61,70.88,2021-08-21 12:04:38
61214e46f641cb123bdb67db,Mud Elemental,Elemental,5,Rank 1,5d4,20.47,21.53,20.43,2021-08-21 12:04:38
61214e46f641cb123bdb67dc,Hell Hound,Demonic,4,Rank 3,4d8+3,35.64,34.53,28.78,2021-08-21 12:04:38
61214e46f641cb123bdb67dd,Skeletal Guard,Undead,5,Rank 3,5d8+4,36.81,43.49,41.36,2021-08-21 12:04:38
61214e46f641cb123bdb67de,Blue Wyrmling,Dragon,6,Rank 0,6d2+5,12.85,11.2,12.61,2021-08-21 12:04:38
61214e46f641cb123bdb67df,Mud Elemental,Elemental,7,Rank 2,7d6+4,44.3,41.65,43.25,2021-08-21 12:04:38
61214e46f641cb123bdb67e0,Skeletal Villager,Undead,6,Rank 2,6d6+1,36.64,36.25,37.78,2021-08-21 12:04:38
61214e46f641cb123bdb67e1,Red Drake,Dragon,7,Rank 2,7d6,40.46,44.83,44.34,2021-08-21 12:04:38
61214e46f641cb123bdb67e2,Black Faerie,Fey,10,Rank 2,10d6,61.84,59.55,61.7,2021-08-21 12:04:38
61214e46f641cb123bdb67e3,Efreeti,Elemental,7,Rank 0,7d2+4,13.9,14.59,14.32,2021-08-21 12:04:38
61214e46f641cb123bdb67e4,Zombie Archer,Undead,10,Rank 1,10d4+1,39.17,40.02,39.69,2021-08-21 12:04:38
61214e46f641cb123bdb67e5,Goblin Villager,Devilkin,3,Rank 1,3d4+1,11.71,10.94,11.45,2021-08-21 12:04:38
61214e46f641cb123bdb67e6,Steam Spirit,Fey,5,Rank 0,5d2,10.26,9.98,10.6,2021-08-21 12:04:38
61214e46f641cb123bdb67e7,Mud Mephit,Elemental,9,Rank 2,9d6,55.05,55.43,54.87,2021-08-21 12:04:38
61214e46f641cb123bdb67e8,Green Demon,Demonic,3,Rank 2,3d6,19.62,19.81,19.66,2021-08-21 12:04:38
61214e46f641cb123bdb67e9,Zombie Villager,Undead,6,Rank 3,6d8+3,49.44,50.82,45.04,2021-08-21 12:04:38
61214e46f641cb123bdb67ea,Kobold Villager,Devilkin,5,Rank 1,5d4+1,20.07,20.64,20.08,2021-08-21 12:04:38
61214e46f641cb123bdb67eb,Blue Drake,Dragon,6,Rank 2,6d6,35.57,37.89,36.49,2021-08-21 12:04:38
61214e46f641cb123bdb67ec,Onyx Faerie,Fey,14,Rank 0,14d2+4,28.01,28.62,27.4,2021-08-21 12:04:38
61214e46f641cb123bdb67ed,Hook Horror,Demonic,4,Rank 2,4d6,22.47,21.86,24.37,2021-08-21 12:04:38
61214e46f641cb123bdb67ee,Ghostly Villager,Undead,2,Rank 0,2d2+1,4.31,3.05,4.21,2021-08-21 12:04:38
61214e46f641cb123bdb67ef,Incubus,Devilkin,9,Rank 3,9d8+1,71.15,71.16,75.95,2021-08-21 12:04:38
61214e46f641cb123bdb67f0,Blue Faerie,Fey,13,Rank 2,13d6+2,79.93,79.05,80.88,2021-08-21 12:04:38
61214e46f641cb123bdb67f1,Nightmare,Demonic,3,Rank 3,3d8+1,22.79,21.16,21.22,2021-08-21 12:04:38
61214e46f641cb123bdb67f2,Skeletal Guard,Undead,8,Rank 1,8d4,31.68,32.63,32.17,2021-08-21 12:04:38
61214e46f641cb123bdb67f3,Dust Devil,Devilkin,7,Rank 0,7d2+2,13.38,14.76,14.61,2021-08-21 12:04:38
61214e46f641cb123bdb67f4,Red Faerie,Fey,5,Rank 0,5d2+1,10.7,9.08,10.23,2021-08-21 12:04:38
61214e46f641cb123bdb67f5,Dust Elemental,Elemental,4,Rank 0,4d2,7.17,7.92,8.64,2021-08-21 12:04:38
61214e46f641cb123bdb67f6,Banshee,Undead,7,Rank 3,7d8+4,54.6,55.14,55.79,2021-08-21 12:04:38
61214e46f641cb123bdb67f7,Kobold Archer,Devilkin,8,Rank 1,8d4+1,31.1,31.7,33.32,2021-08-21 12:04:38
61214e46f641cb123bdb67f8,Faerie Dragon,Dragon,10,Rank 1,10d4+1,41.05,38.25,40.44,2021-08-21 12:04:38
61214e46f641cb123bdb67f9,Mud Archfey,Fey,5,Rank 2,5d6+2,30.89,28.71,29.36,2021-08-21 12:04:38
61214e46f641cb123bdb67fa,Imp,Demonic,3,Rank 1,3d4+1,13.13,12.44,11.09,2021-08-21 12:04:38
61214e46f641cb123bdb67fb,Mud Devil,Devilkin,4,Rank 1,4d4+5,15.06,15.02,15.77,2021-08-21 12:04:38
61214e46f641cb123bdb67fc,Blue Drake,Dragon,11,Rank 1,11d4,42.63,44.18,43.29,2021-08-21 12:04:38
61214e46f641cb123bdb67fd,Mud Elemental,Elemental,4,Rank 0,4d2+1,7.31,8.79,8.09,2021-08-21 12:04:38
61214e46f641cb123bdb67fe,Imp,Demonic,4,Rank 0,4d2,8.17,7.41,8.17,2021-08-21 12:04:38
61214e46f641cb123bdb67ff,Goblin Villager,Devilkin,8,Rank 0,8d2,16.78,16.6,16.74,2021-08-21 12:04:38
61214e46f641cb123bdb6800,Blue Faerie,Fey,8,Rank 3,8d8+2,61.76,62.9,67.21,2021-08-21 12:04:38
61214e46f641cb123bdb6801,Djinni,Elemental,5,Rank 2,5d6+1,30.27,29.6,28.37,2021-08-21 12:04:38
61214e46f641cb123bdb6802,Hell Hound,Demonic,7,Rank 0,7d2+2,14.01,14.09,13.66,2021-08-21 12:04:38
61214e46f641cb123bdb6803,Zombie Villager,Undead,6,Rank 0,6d2+3,12.91,11.2,11.52,2021-08-21 12:04:38
61214e46f641cb123bdb6804,Goblin Archer,Devilkin,5,Rank 1,5d4+3,19.42,18.73,21.7,2021-08-21 12:04:38
61214e46f641cb123bdb6805,Mud Spirit,Fey,7,Rank 0,7d2,14.97,13.18,13.71,2021-08-21 12:04:38
61214e46f641cb123bdb6806,Mud Mephit,Elemental,6,Rank 0,6d2+1,12.17,12.73,11.74,2021-08-21 12:04:38
61214e46f641cb123bdb6807,Vampire,Undead,9,Rank 1,9d4,35.99,35.21,35.04,2021-08-21 12:04:38
61214e46f641cb123bdb6808,Kobold Villager,Devilkin,5,Rank 0,5d2+2,9.68,9.37,9.45,2021-08-21 12:04:38
61214e46f641cb123bdb6809,Steam Spirit,Fey,4,Rank 2,4d6+1,23.64,22.3,22.6,2021-08-21 12:04:38
61214e46f641cb123bdb680a,Steam Elemental,Elemental,4,Rank 0,4d2+1,8.91,8.81,8.99,2021-08-21 12:04:38
61214e46f641cb123bdb680b,Ghostly Archer,Undead,4,Rank 3,4d8,28.36,31.64,29.86,2021-08-21 12:04:38
61214e46f641cb123bdb680c,Kobold Villager,Devilkin,6,Rank 2,6d6+3,37.87,35.5,37.57,2021-08-21 12:04:38
61214e46f641cb123bdb680d,Pseudodragon,Dragon,6,Rank 0,6d2+1,11.09,12.55,12.08,2021-08-21 12:04:38
61214e46f641cb123bdb680e,Mud Mephit,Elemental,6,Rank 0,6d2,12.71,11.3,12.34,2021-08-21 12:04:38
61214e46f641cb123bdb680f,Poltergeist,Undead,7,Rank 0,7d2,13.95,14.5,13.16,2021-08-21 12:04:38
61214e46f641cb123bdb6810,Mud Devil,Devilkin,11,Rank 2,11d6+3,65.27,64.21,64.49,2021-08-21 12:04:38
61214e46f641cb123bdb6811,Green Wyrmling,Dragon,6,Rank 2,6d6+1,34.77,34.83,36.59,2021-08-21 12:04:38
61214e46f641cb123bdb6812,Green Faerie,Fey,5,Rank 1,5d4+2,19.38,18.31,19.69,2021-08-21 12:04:38
61214e46f641cb123bdb6813,Mud Elemental,Elemental,3,Rank 1,3d4+3,12.87,11.75,12.56,2021-08-21 12:04:38
61214e46f641cb123bdb6814,Ghast,Undead,6,Rank 5,6d12+2,74.18,76.15,76.6,2021-08-21 12:04:38
61214e46f641cb123bdb6815,Goblin Villager,Devilkin,4,Rank 2,4d6+4,23.2,24.05,26.97,2021-08-21 12:04:38
61214e46f641cb123bdb6816,Green Faerie,Fey,14,Rank 1,14d4,56.75,55.05,56.19,2021-08-21 12:04:38
61214e46f641cb123bdb6817,Green Demon,Demonic,10,Rank 1,10d4+1,39.13,41.45,40.5,2021-08-21 12:04:38
61214e46f641cb123bdb6818,Demilich,Undead,7,Rank 0,7d2,13.66,14.63,13.79,2021-08-21 12:04:38
61214e46f641cb123bdb6819,Faerie Dragon,Dragon,5,Rank 3,5d8,38.86,39.89,41.88,2021-08-21 12:04:38
61214e46f641cb123bdb681a,Blue Faerie,Fey,9,Rank 0,9d2+2,17.79,18.25,17.96,2021-08-21 12:04:38
61214e46f641cb123bdb681b,Mud Mephit,Elemental,7,Rank 2,7d6+2,39.99,43.73,41.64,2021-08-21 12:04:38
61214e46f641cb123bdb681c,Imp,Demonic,7,Rank 1,7d4,28.21,27.92,26.97,2021-08-21 12:04:38
61214e46f641cb123bdb681d,Wight,Undead,7,Rank 0,7d2+1,14.58,14.86,14.93,2021-08-21 12:04:38
61214e46f641cb123bdb681e,Steam Devil,Devilkin,10,Rank 1,10d4+1,39.55,40.89,40.58,2021-08-21 12:04:38
61214e46f641cb123bdb681f,Faerie Dragon,Dragon,7,Rank 2,7d6+1,39.68,40.92,39.13,2021-08-21 12:04:38
61214e46f641cb123bdb6820,Green Faerie,Fey,5,Rank 2,5d6,31.1,32.68,31.64,2021-08-21 12:04:38
61214e46f641cb123bdb6821,Dust Elemental,Elemental,5,Rank 3,5d8+2,37.76,36.21,38.68,2021-08-21 12:04:38
61214e46f641cb123bdb6822,Hell Hound,Demonic,4,Rank 1,4d4,14.24,16.16,14.39,2021-08-21 12:04:38
61214e46f641cb123bdb6823,Ice Devil,Devilkin,7,Rank 1,7d4+1,29.67,28.62,27.32,2021-08-21 12:04:38
61214e46f641cb123bdb6824,Pseudodragon,Dragon,6,Rank 0,6d2+2,12.56,12.29,12.86,2021-08-21 12:04:38
61214e46f641cb123bdb6825,Green Faerie,Fey,3,Rank 0,3d2+1,5.69,6.16,5.28,2021-08-21 12:04:38
61214e46f641cb123bdb6826,Steam Elemental,Elemental,9,Rank 1,9d4+2,35.87,36.33,37.41,2021-08-21 12:04:38
61214e46f641cb123bdb6827,Wight,Undead,6,Rank 0,6d2+2,11.73,11.75,12.1,2021-08-21 12:04:38
61214e46f641cb123bdb6828,Goblin Villager,Devilkin,6,Rank 1,6d4+2,25.58,25.13,25.58,2021-08-21 12:04:38
61214e46f641cb123bdb6829,Blue Wyrmling,Dragon,10,Rank 1,10d4+2,39.09,39.78,39.22,2021-08-21 12:04:38
61214e46f641cb123bdb682a,Dust Mephit,Elemental,3,Rank 4,3d10+1,30.88,34.18,33.32,2021-08-21 12:04:38
61214e46f641cb123bdb682b,Zombie Villager,Undead,5,Rank 0,5d2+2,9.44,9.9,9.44,2021-08-21 12:04:38
61214e46f641cb123bdb682c,Goblin Villager,Devilkin,9,Rank 2,9d6,54.87,53.06,52.49,2021-08-21 12:04:38
61214e46f641cb123bdb682d,Copper Drake,Dragon,11,Rank 3,11d8+1,90.98,86.45,86.39,2021-08-21 12:04:38
61214e46f641cb123bdb682e,Dust Spirit,Fey,6,Rank 0,6d2+3,11.75,11.91,12.36,2021-08-21 12:04:38
61214e46f641cb123bdb682f,Steam Mephit,Elemental,5,Rank 3,5d8+1,37.42,41.9,42.56,2021-08-21 12:04:38
61214e46f641cb123bdb6830,Nightmare,Demonic,4,Rank 3,4d8,32.72,32.35,32.5,2021-08-21 12:04:38
61214e46f641cb123bdb6831,Succubus,Devilkin,13,Rank 0,13d2+2,26.71,25.81,26.43,2021-08-21 12:04:38
61214e46f641cb123bdb6832,Green Wyrmling,Dragon,8,Rank 3,8d8+1,66.45,67.2,63.59,2021-08-21 12:04:38
61214e46f641cb123bdb6833,Steam Mephit,Elemental,6,Rank 1,6d4,25.1,24.19,23.61,2021-08-21 12:04:38
61214e46f641cb123bdb6834,Red Demon,Demonic,4,Rank 0,4d2+2,7.81,8.42,8.18,2021-08-21 12:04:38
61214e46f641cb123bdb6835,Wight,Undead,7,Rank 3,7d8+3,57.54,55.44,53.06,2021-08-21 12:04:38
61214e46f641cb123bdb6836,Pit Lord,Devilkin,5,Rank 2,5d6+3,28.54,30.7,31.83,2021-08-21 12:04:38
61214e46f641cb123bdb6837,Faerie Dragon,Dragon,7,Rank 0,7d2+1,14.15,13.67,14.04,2021-08-21 12:04:38
61214e46f641cb123bdb6838,Mud Mephit,Elemental,3,Rank 2,3d6+3,16.2,19.27,19.16,2021-08-21 12:04:38
61214e46f641cb123bdb6839,Night Hag,Demonic,5,Rank 2,5d6+3,29.61,29.49,29.6,2021-08-21 12:04:38
61214e46f641cb123bdb683a,Kobold Villager,Devilkin,9,Rank 3,9d8+1,74.86,68.72,71.29,2021-08-21 12:04:38
61214e46f641cb123bdb683b,Copper Wyrmling,Dragon,6,Rank 0,6d2+2,11.1,12.8,11.25,2021-08-21 12:04:38
61214e46f641cb123bdb683c,White Faerie,Fey,5,Rank 3,5d8+2,38.8,42.97,39.48,2021-08-21 12:04:38
61214e46f641cb123bdb683d,Ice Mephit,Elemental,6,Rank 5,6d12+3,72.18,66.33,67.37,2021-08-21 12:04:38
61214e46f641cb123bdb683e,Ghoul,Undead,8,Rank 0,8d2+3,15.42,15.81,16.48,2021-08-21 12:04:38
61214e46f641cb123bdb683f,Blue Wyrmling,Dragon,6,Rank 2,6d6+3,37.04,36.62,37.11,2021-08-21 12:04:38
61214e46f641cb123bdb6840,Blue Faerie,Fey,5,Rank 0,5d2,9.84,9.71,10.99,2021-08-21 12:04:38
61214e46f641cb123bdb6841,Steam Elemental,Elemental,7,Rank 4,7d10+2,68.47,70.2,72.86,2021-08-21 12:04:38
61214e46f641cb123bdb6842,Night Hag,Demonic,2,Rank 0,2d2,3.82,3.26,3.79,2021-08-21 12:04:38
61214e46f641cb123bdb6843,Wight,Undead,7,Rank 2,7d6+2,43.57,40.34,42.78,2021-08-21 12:04:38
61214e46f641cb123bdb6844,Goblin Guard,Devilkin,7,Rank 2,7d6,43.99,41.19,43.61,2021-08-21 12:04:38
61214e46f641cb123bdb6845,Blue Wyrmling,Dragon,3,Rank 4,3d10+3,33.12,31.58,28.96,2021-08-21 12:04:38
61214e46f641cb123bdb6846,Green Archfey,Fey,5,Rank 4,5d10+4,50.04,49.06,46.0,2021-08-21 12:04:38
61214e46f641cb123bdb6847,Mud Elemental,Elemental,4,Rank 2,4d6+1,23.16,23.78,24.12,2021-08-21 12:04:38
61214e46f641cb123bdb6848,Night Hag,Demonic,9,Rank 0,9d2+1,18.98,17.16,18.33,2021-08-21 12:04:38
61214e46f641cb123bdb6849,Goblin Villager,Devilkin,4,Rank 4,4d10+2,43.39,44.8,38.0,2021-08-21 12:04:38
61214e46f641cb123bdb684a,Mud Archfey,Fey,8,Rank 2,8d6+1,49.24,49.29,48.26,2021-08-21 12:04:38
61214e46f641cb123bdb684b,Mud Mephit,Elemental,6,Rank 1,6d4,23.87,22.09,24.14,2021-08-21 12:04:38
61214e46f641cb123bdb684c,Balor,Demonic,5,Rank 4,5d10,51.77,45.83,45.65,2021-08-21 12:04:38
61214e46f641cb123bdb684d,Prince of Fear,Devilkin,2,Rank 5,2d12+1,27.04,23.7,24.49,2021-08-21 12:04:38
61214e46f641cb123bdb684e,Red Faerie,Fey,10,Rank 2,10d6,62.85,61.55,58.1,2021-08-21 12:04:38
61214e46f641cb123bdb684f,Steam Elemental,Elemental,5,Rank 5,5d12+2,59.96,61.9,63.22,2021-08-21 12:04:38
61214e46f641cb123bdb6850,Quasit,Demonic,5,Rank 1,5d4+4,21.95,18.71,20.59,2021-08-21 12:04:38
61214e46f641cb123bdb6851,Kobold Villager,Devilkin,8,Rank 0,8d2,16.71,16.12,16.77,2021-08-21 12:04:38
61214e46f641cb123bdb6852,Faerie Dragon,Dragon,6,Rank 1,6d4+4,25.11,22.26,24.43,2021-08-21 12:04:38
61214e46f641cb123bdb6853,Steam Elemental,Elemental,6,Rank 2,6d6,37.34,38.66,36.2,2021-08-21 12:04:38
61214e46f641cb123bdb6854,Imp,Demonic,5,Rank 0,5d2,9.81,9.34,9.06,2021-08-21 12:04:38
61214e46f641cb123bdb6855,Banshee,Undead,7,Rank 1,7d4,27.11,27.42,26.54,2021-08-21 12:04:38
61214e46f641cb123bdb6856,Mud Devil,Devilkin,9,Rank 0,9d2+4,17.4,18.72,18.93,2021-08-21 12:04:38
61214e46f641cb123bdb6857,Blue Wyrmling,Dragon,7,Rank 1,7d4,29.63,29.37,29.65,2021-08-21 12:04:38
61214e46f641cb123bdb6858,Dust Mephit,Elemental,9,Rank 2,9d6+1,54.63,52.88,53.33,2021-08-21 12:04:38
61214e46f641cb123bdb6859,Quasit,Demonic,8,Rank 1,8d4,33.52,30.51,30.73,2021-08-21 12:04:38
61214e46f641cb123bdb685a,Zombie Guard,Undead,6,Rank 4,6d10+4,59.19,58.07,58.26,2021-08-21 12:04:38
61214e46f641cb123bdb685b,Pit Lord,Devilkin,5,Rank 0,5d2+2,9.69,10.78,10.37,2021-08-21 12:04:38
61214e46f641cb123bdb685c,Green Wyrmling,Dragon,7,Rank 1,7d4+2,29.46,27.22,28.38,2021-08-21 12:04:38
61214e46f641cb123bdb685d,Blue Faerie,Fey,9,Rank 1,9d4+1,35.01,34.81,34.09,2021-08-21 12:04:38
61214e46f641cb123bdb685e,Steam Mephit,Elemental,5,Rank 0,5d2,9.52,9.53,9.62,2021-08-21 12:04:38
61214e46f641cb123bdb685f,Ghoul,Undead,6,Rank 2,6d6+2,34.96,36.69,33.19,2021-08-21 12:04:38
61214e46f641cb123bdb6860,Succubus,Devilkin,9,Rank 2,9d6+1,56.15,52.71,53.68,2021-08-21 12:04:38
61214e46f641cb123bdb6861,Faerie Dragon,Dragon,2,Rank 5,2d12,28.62,25.37,27.51,2021-08-21 12:04:38
61214e46f641cb123bdb6862,White Faerie,Fey,10,Rank 4,10d10,99.72,103.7,101.56,2021-08-21 12:04:38
61214e46f641cb123bdb6863,Steam Elemental,Elemental,4,Rank 2,4d6+1,25.7,22.41,22.74,2021-08-21 12:04:38
61214e46f641cb123bdb6864,Poltergeist,Undead,9,Rank 3,9d8+2,73.44,72.93,70.52,2021-08-21 12:04:38
61214e46f641cb123bdb6865,Kobold Villager,Devilkin,2,Rank 0,2d2+1,4.04,4.06,3.84,2021-08-21 12:04:38
61214e46f641cb123bdb6866,Blue Wyrmling,Dragon,5,Rank 3,5d8,41.07,38.9,37.61,2021-08-21 12:04:38
61214e46f641cb123bdb6867,Mud Mephit,Elemental,2,Rank 1,2d4+1,8.01,7.09,9.75,2021-08-21 12:04:38
61214e46f641cb123bdb6868,Poltergeist,Undead,3,Rank 1,3d4+2,10.14,11.88,11.89,2021-08-21 12:04:38
61214e46f641cb123bdb6869,Goblin Villager,Devilkin,6,Rank 5,6d12+2,69.59,69.19,74.34,2021-08-21 12:04:38
61214e46f641cb123bdb686a,White Dragon,Dragon,7,Rank 4,7d10,73.15,72.47,66.26,2021-08-21 12:04:38
61214e46f641cb123bdb686b,Black Faerie,Fey,5,Rank 3,5d8+2,41.82,40.16,36.53,2021-08-21 12:04:38
61214e46f641cb123bdb686c,Mud Mephit,Elemental,6,Rank 4,6d10+2,57.55,63.22,57.77,2021-08-21 12:04:38
61214e46f641cb123bdb686d,Red Demon,Demonic,4,Rank 1,4d4+2,15.9,15.36,16.85,2021-08-21 12:04:38
61214e46f641cb123bdb686e,Wraith,Undead,6,Rank 3,6d8,50.84,45.01,48.61,2021-08-21 12:04:38
61214e46f641cb123bdb686f,Steam Devil,Devilkin,8,Rank 3,8d8+1,62.26,67.22,64.36,2021-08-21 12:04:38
61214e46f641cb123bdb6870,White Dragon,Dragon,5,Rank 2,5d6+1,28.15,32.91,28.55,2021-08-21 12:04:38
61214e46f641cb123bdb6871,Efreeti,Elemental,4,Rank 1,4d4,15.21,15.22,15.57,2021-08-21 12:04:38
61214e46f641cb123bdb6872,Nightmare,Demonic,3,Rank 0,3d2+4,5.55,6.38,5.19,2021-08-21 12:04:38
61214e46f641cb123bdb6873,Mummy,Undead,9,Rank 1,9d4,36.46,35.75,37.27,2021-08-21 12:04:38
61214e46f641cb123bdb6874,Mud Devil,Devilkin,7,Rank 0,7d2+2,13.14,13.79,14.52,2021-08-21 12:04:38
61214e46f641cb123bdb6875,Black Dragon,Dragon,4,Rank 0,4d2,8.02,8.75,8.77,2021-08-21 12:04:38
61214e46f641cb123bdb6876,White Faerie,Fey,12,Rank 1,12d4+5,47.87,48.19,46.19,2021-08-21 12:04:38
61214e46f641cb123bdb6877,Imp,Demonic,7,Rank 5,7d12+1,89.35,80.55,81.44,2021-08-21 12:04:38
61214e46f641cb123bdb6878,Dracolich,Undead,7,Rank 0,7d2,14.92,14.51,13.1,2021-08-21 12:04:38
61214e46f641cb123bdb6879,Goblin Villager,Devilkin,5,Rank 1,5d4,19.84,19.93,20.89,2021-08-21 12:04:38
61214e46f641cb123bdb687a,Ice Spirit,Fey,7,Rank 0,7d2+2,13.25,14.42,13.11,2021-08-21 12:04:38
61214e46f641cb123bdb687b,Steam Mephit,Elemental,1,Rank 2,1d6+1,5.03,4.09,7.81,2021-08-21 12:04:38
61214e46f641cb123bdb687c,Onyx Demon,Demonic,8,Rank 4,8d10,80.21,79.21,83.12,2021-08-21 12:04:38
61214e46f641cb123bdb687d,Revenant,Undead,6,Rank 1,6d4+2,23.86,23.14,23.78,2021-08-21 12:04:38
61214e46f641cb123bdb687e,Red Wyrmling,Dragon,7,Rank 4,7d10,70.64,72.7,71.1,2021-08-21 12:04:38
61214e46f641cb123bdb687f,Black Faerie,Fey,6,Rank 0,6d2+1,12.76,11.34,11.48,2021-08-21 12:04:38
61214e46f641cb123bdb6880,Djinni,Elemental,4,Rank 2,4d6,23.06,24.72,21.65,2021-08-21 12:04:38
61214e46f641cb123bdb6881,Balor,Demonic,6,Rank 1,6d4+3,22.03,23.78,25.64,2021-08-21 12:04:38
61214e46f641cb123bdb6882,Death Knight,Undead,5,Rank 3,5d8+2,41.11,42.17,38.78,2021-08-21 12:04:38
61214e46f641cb123bdb6883,Goblin Villager,Devilkin,7,Rank 4,7d10+2,68.73,68.21,71.42,2021-08-21 12:04:38
61214e46f641cb123bdb6884,Ice Spirit,Fey,2,Rank 4,2d10+4,22.27,17.07,17.54,2021-08-21 12:04:38
61214e46f641cb123bdb6885,Imp,Demonic,7,Rank 2,7d6,43.26,44.84,41.69,2021-08-21 12:04:38
61214e46f641cb123bdb6886,Mummy,Undead,7,Rank 3,7d8+5,54.81,54.55,53.67,2021-08-21 12:04:38
61214e46f641cb123bdb6887,Blue Wyrmling,Dragon,4,Rank 0,4d2+2,7.73,7.07,8.2,2021-08-21 12:04:38
61214e46f641cb123bdb6888,Spore Spirit,Fey,5,Rank 1,5d4+3,19.62,21.95,19.63,2021-08-21 12:04:38
61214e46f641cb123bdb6889,Efreeti,Elemental,4,Rank 1,4d4+1,16.14,17.76,15.96,2021-08-21 12:04:38
61214e46f641cb123bdb688a,Quasit,Demonic,8,Rank 4,8d10,76.69,80.7,76.8,2021-08-21 12:04:38
61214e46f641cb123bdb688b,Skeletal Villager,Undead,4,Rank 0,4d2+2,7.21,8.3,8.6,2021-08-21 12:04:38
61214e46f641cb123bdb688c,Goblin Archer,Devilkin,4,Rank 5,4d12+2,42.27,50.35,49.91,2021-08-21 12:04:38
61214e46f641cb123bdb688d,Mud Spirit,Fey,3,Rank 0,3d2,5.0,5.42,5.35,2021-08-21 12:04:38
61214e46f641cb123bdb688e,Ice Elemental,Elemental,5,Rank 0,5d2,10.5,10.38,10.21,2021-08-21 12:04:38
61214e46f641cb123bdb688f,Hell Hound,Demonic,6,Rank 2,6d6,35.83,36.35,38.31,2021-08-21 12:04:38
61214e46f641cb123bdb6890,Zombie Archer,Undead,4,Rank 4,4d10+4,36.23,42.8,40.38,2021-08-21 12:04:38
61214e46f641cb123bdb6891,Steam Devil,Devilkin,12,Rank 1,12d4+2,47.56,46.91,46.16,2021-08-21 12:04:38
61214e46f641cb123bdb6892,Smoke Spirit,Fey,5,Rank 4,5d10+1,53.59,49.97,50.8,2021-08-21 12:04:38
61214e46f641cb123bdb6893,Steam Mephit,Elemental,7,Rank 4,7d10,73.66,72.32,72.09,2021-08-21 12:04:38
61214e46f641cb123bdb6894,Quasit,Demonic,6,Rank 1,6d4+4,24.24,22.14,24.83,2021-08-21 12:04:38
61214e46f641cb123bdb6895,Lich,Undead,7,Rank 1,7d4,28.61,28.1,28.19,2021-08-21 12:04:38
61214e46f641cb123bdb6896,Steam Devil,Devilkin,6,Rank 0,6d2+3,11.26,12.94,11.84,2021-08-21 12:04:38
61214e46f641cb123bdb6897,Copper Faerie,Fey,9,Rank 0,9d2,18.46,18.52,18.95,2021-08-21 12:04:38
61214e46f641cb123bdb6898,Steam Elemental,Elemental,7,Rank 0,7d2,14.05,13.89,14.54,2021-08-21 12:04:38
61214e46f641cb123bdb6899,Quasit,Demonic,4,Rank 0,4d2+4,7.38,8.58,8.37,2021-08-21 12:04:38
61214e46f641cb123bdb689a,Zombie Archer,Undead,8,Rank 4,8d10+2,80.71,79.59,82.8,2021-08-21 12:04:38
61214e46f641cb123bdb689b,Wyvern,Dragon,5,Rank 1,5d4+1,18.18,20.39,19.87,2021-08-21 12:04:38
61214e46f641cb123bdb689c,Green Faerie,Fey,7,Rank 3,7d8+4,56.12,55.21,56.32,2021-08-21 12:04:38
61214e46f641cb123bdb689d,Mud Elemental,Elemental,8,Rank 1,8d4,32.1,31.74,31.77,2021-08-21 12:04:38
61214e46f641cb123bdb689e,Quasit,Demonic,10,Rank 2,10d6+4,61.49,59.58,60.25,2021-08-21 12:04:38
61214e46f641cb123bdb689f,Kobold Villager,Devilkin,2,Rank 0,2d2+2,3.68,4.8,4.3,2021-08-21 12:04:38
61214e46f641cb123bdb68a0,Faerie Dragon,Dragon,3,Rank 0,3d2+3,6.72,6.34,6.7,2021-08-21 12:04:38
61214e46f641cb123bdb68a1,Steam Spirit,Fey,9,Rank 2,9d6,55.04,55.66,52.86,2021-08-21 12:04:38
61214e46f641cb123bdb68a2,Efreeti,Elemental,7,Rank 3,7d8+2,57.48,53.62,57.32,2021-08-21 12:04:38
61214e46f641cb123bdb68a3,Zombie Guard,Undead,5,Rank 0,5d2+2,9.94,10.03,9.67,2021-08-21 12:04:38
61214e46f641cb123bdb68a4,Goblin Villager,Devilkin,6,Rank 2,6d6+1,36.22,36.27,35.95,2021-08-21 12:04:38
61214e46f641cb123bdb68a5,Red Drake,Dragon,7,Rank 2,7d6+2,39.57,42.24,40.47,2021-08-21 12:04:38
61214e46f641cb123bdb68a6,Dust Mephit,Elemental,9,Rank 1,9d4+1,35.64,36.26,36.91,2021-08-21 12:04:38
61214e46f641cb123bdb68a7,Quasit,Demonic,12,Rank 1,12d4+2,47.33,48.67,46.29,2021-08-21 12:04:38
61214e46f641cb123bdb68a8,Ghostly Villager,Undead,5,Rank 1,5d4+2,19.86,19.94,20.86,2021-08-21 12:04:38
61214e46f641cb123bdb68a9,Goblin Villager,Devilkin,5,Rank 0,5d2+4,10.38,10.69,9.19,2021-08-21 12:04:38
61214e46f641cb123bdb68aa,White Dragon,Dragon,2,Rank 0,2d2,4.5,4.92,3.45,2021-08-21 12:04:38
61214e46f641cb123bdb68ab,Steam Spirit,Fey,8,Rank 1,8d4+1,32.77,33.31,30.13,2021-08-21 12:04:38
61214e46f641cb123bdb68ac,Quasit,Demonic,2,Rank 1,2d4,6.89,9.47,6.42,2021-08-21 12:04:38
61214e46f641cb123bdb68ad,Ghoul,Undead,2,Rank 0,2d2,3.84,4.84,4.73,2021-08-21 12:04:38
61214e46f641cb123bdb68ae,Kobold Guard,Devilkin,5,Rank 0,5d2,10.05,10.05,10.08,2021-08-21 12:04:38
61214e46f641cb123bdb68af,Green Wyrmling,Dragon,6,Rank 5,6d12+3,68.51,69.01,69.19,2021-08-21 12:04:38
61214e46f641cb123bdb68b0,Steam Spirit,Fey,6,Rank 2,6d6+1,34.69,37.99,33.21,2021-08-21 12:04:38
61214e46f641cb123bdb68b1,Mud Mephit,Elemental,6,Rank 4,6d10+2,60.39,55.22,61.83,2021-08-21 12:04:38
61214e46f641cb123bdb68b2,Quasit,Demonic,6,Rank 4,6d10+4,57.65,60.87,59.24,2021-08-21 12:04:38
61214e46f641cb123bdb68b3,Goblin Archer,Devilkin,5,Rank 3,5d8,42.01,40.42,36.5,2021-08-21 12:04:38
61214e46f641cb123bdb68b4,Faerie Dragon,Dragon,8,Rank 2,8d6+1,48.79,49.75,48.34,2021-08-21 12:04:38
61214e46f641cb123bdb68b5,White Archfey,Fey,5,Rank 1,5d4,20.86,20.91,19.53,2021-08-21 12:04:38
61214e46f641cb123bdb68b6,Hell Hound,Demonic,5,Rank 0,5d2+2,10.72,9.56,9.97,2021-08-21 12:04:38
61214e46f641cb123bdb68b7,Dust Devil,Devilkin,7,Rank 3,7d8+2,55.06,54.68,58.65,2021-08-21 12:04:38
61214e46f641cb123bdb68b8,Blue Dragon,Dragon,6,Rank 0,6d2+3,12.09,11.28,12.02,2021-08-21 12:04:38
61214e46f641cb123bdb68b9,Steam Archfey,Fey,9,Rank 1,9d4,34.13,37.57,35.95,2021-08-21 12:04:38
61214e46f641cb123bdb68ba,Steam Mephit,Elemental,9,Rank 2,9d6,55.07,53.28,52.01,2021-08-21 12:04:38
61214e46f641cb123bdb68bb,Imp,Demonic,8,Rank 4,8d10+3,78.15,82.07,84.3,2021-08-21 12:04:38
61214e46f641cb123bdb68bc,Prince of Fear,Devilkin,8,Rank 1,8d4+2,33.72,32.25,32.33,2021-08-21 12:04:38
61214e46f641cb123bdb68bd,White Wyrmling,Dragon,6,Rank 3,6d8+1,45.65,51.09,50.73,2021-08-21 12:04:38
61214e46f641cb123bdb68be,Efreeti,Elemental,7,Rank 0,7d2+2,14.91,14.89,13.8,2021-08-21 12:04:38
61214e46f641cb123bdb68bf,Pit Fiend,Demonic,6,Rank 2,6d6+1,38.23,35.87,35.46,2021-08-21 12:04:38
61214e46f641cb123bdb68c0,Mummy Lord,Undead,4,Rank 4,4d10,43.93,42.11,38.74,2021-08-21 12:04:38
61214e46f641cb123bdb68c1,Copper Wyrmling,Dragon,7,Rank 1,7d4,27.14,29.84,26.87,2021-08-21 12:04:38
61214e46f641cb123bdb68c2,Ice Mephit,Elemental,7,Rank 2,7d6,42.53,40.23,39.71,2021-08-21 12:04:38
61214e46f641cb123bdb68c3,Hell Hound,Demonic,4,Rank 0,4d2+2,7.18,8.71,7.84,2021-08-21 12:04:38
61214e46f641cb123bdb68c4,Prince of Fear,Devilkin,7,Rank 1,7d4,27.43,27.39,26.06,2021-08-21 12:04:38
61214e46f641cb123bdb68c5,Red Faerie,Fey,3,Rank 2,3d6+1,15.75,19.24,17.34,2021-08-21 12:04:38
61214e46f641cb123bdb68c6,Steam Mephit,Elemental,8,Rank 0,8d2+3,15.19,16.38,15.51,2021-08-21 12:04:38
61214e46f641cb123bdb68c7,Imp,Demonic,9,Rank 0,9d2+1,17.01,17.5,17.29,2021-08-21 12:04:38
61214e46f641cb123bdb68c8,Skeletal Villager,Undead,5,Rank 1,5d4+3,19.55,18.2,21.3,2021-08-21 12:04:38
61214e46f641cb123bdb68c9,Red Dragon,Dragon,7,Rank 4,7d10+1,70.05,72.25,70.05,2021-08-21 12:04:38
61214e46f641cb123bdb68ca,Steam Spirit,Fey,5,Rank 2,5d6,31.99,30.81,29.03,2021-08-21 12:04:38
61214e46f641cb123bdb68cb,Mud Mephit,Elemental,6,Rank 3,6d8+3,46.43,49.74,47.87,2021-08-21 12:04:38
61214e46f641cb123bdb68cc,Ghostly Villager,Undead,3,Rank 1,3d4+1,10.88,12.27,13.38,2021-08-21 12:04:38
61214e46f641cb123bdb68cd,Green Drake,Dragon,7,Rank 2,7d6+3,43.87,43.0,39.96,2021-08-21 12:04:38
61214e46f641cb123bdb68ce,Green Faerie,Fey,4,Rank 4,4d10+2,39.04,43.99,37.12,2021-08-21 12:04:38
61214e46f641cb123bdb68cf,Quasit,Demonic,5,Rank 1,5d4+3,19.69,21.98,20.02,2021-08-21 12:04:38
61214e46f641cb123bdb68d0,Mummy Lord,Undead,1,Rank 1,1d4,5.1,2.79,4.51,2021-08-21 12:04:38
61214e46f641cb123bdb68d1,Blue Wyrmling,Dragon,4,Rank 2,4d6+2,22.77,23.95,23.15,2021-08-21 12:04:38
61214e46f641cb123bdb68d2,Mud Spirit,Fey,6,Rank 3,6d8,49.17,48.09,46.55,2021-08-21 12:04:38
61214e46f641cb123bdb68d3,Mud Elemental,Elemental,7,Rank 4,7d10,71.26,73.23,73.48,2021-08-21 12:04:38
61214e46f641cb123bdb68d4,Imp,Demonic,5,Rank 3,5d8+3,36.94,41.82,37.12,2021-08-21 12:04:38
61214e46f641cb123bdb68d5,Zombie Villager,Undead,6,Rank 4,6d10+3,62.02,56.59,62.9,2021-08-21 12:04:38
61214e46f641cb123bdb68d6,Succubus,Devilkin,9,Rank 2,9d6+1,51.58,53.1,54.9,2021-08-21 12:04:38
61214e46f641cb123bdb68d7,Red Dragon,Dragon,4,Rank 0,4d2+1,8.54,7.94,8.91,2021-08-21 12:04:38
61214e46f641cb123bdb68d8,Spore Spirit,Fey,2,Rank 3,2d8+3,16.43,18.28,16.58,2021-08-21 12:04:38
61214e46f641cb123bdb68d9,Djinni,Elemental,3,Rank 0,3d2+1,6.68,5.42,6.69,2021-08-21 12:04:38
61214e46f641cb123bdb68da,Imp,Demonic,6,Rank 2,6d6+2,33.46,34.98,36.02,2021-08-21 12:04:38
61214e46f641cb123bdb68db,Zombie Guard,Undead,6,Rank 0,6d2+5,12.88,12.71,12.21,2021-08-21 12:04:38
61214e46f641cb123bdb68dc,Blue Wyrmling,Dragon,6,Rank 3,6d8,50.67,48.18,44.14,2021-08-21 12:04:38
61214e46f641cb123bdb68dd,Red Faerie,Fey,4,Rank 2,4d6+2,26.87,24.11,25.07,2021-08-21 12:04:38
61214e46f641cb123bdb68de,Mud Mephit,Elemental,4,Rank 1,4d4+3,15.3,14.37,16.33,2021-08-21 12:04:38
61214e46f641cb123bdb68df,Green Demon,Demonic,8,Rank 1,8d4+2,32.02,33.34,33.14,2021-08-21 12:04:38
61214e46f641cb123bdb68e0,Goblin Villager,Devilkin,8,Rank 4,8d10+1,75.6,82.43,81.09,2021-08-21 12:04:38
61214e46f641cb123bdb68e1,Green Faerie,Fey,10,Rank 1,10d4+4,40.22,40.86,39.46,2021-08-21 12:04:38
61214e46f641cb123bdb68e2,Pit Fiend,Demonic,5,Rank 2,5d6+2,31.52,31.87,30.77,2021-08-21 12:04:38
61214e46f641cb123bdb68e3,Kobold Villager,Devilkin,5,Rank 5,5d12+1,62.09,54.07,63.33,2021-08-21 12:04:38
61214e46f641cb123bdb68e4,Blue Wyrmling,Dragon,8,Rank 0,8d2+1,15.73,16.4,15.98,2021-08-21 12:04:38
61214e46f641cb123bdb68e5,Black Archfey,Fey,7,Rank 0,7d2+2,13.29,13.23,13.53,2021-08-21 12:04:38
61214e46f641cb123bdb68e6,Mud Mephit,Elemental,8,Rank 3,8d8,63.16,61.67,60.51,2021-08-21 12:04:38
61214e46f641cb123bdb68e7,Skeletal Villager,Undead,10,Rank 1,10d4+3,38.46,41.65,39.81,2021-08-21 12:04:38
61214e46f641cb123bdb68e8,Green Drake,Dragon,6,Rank 2,6d6+1,37.18,37.84,35.88,2021-08-21 12:04:38
61214e46f641cb123bdb68e9,Green Faerie,Fey,6,Rank 2,6d6+2,34.77,34.79,38.0,2021-08-21 12:04:38
61214e46f641cb123bdb68ea,Nightmare,Demonic,10,Rank 1,10d4,40.78,39.42,40.71,2021-08-21 12:04:38
61214e46f641cb123bdb68eb,Mummy,Undead,9,Rank 0,9d2+1,18.03,17.48,17.26,2021-08-21 12:04:38
61214e46f641cb123bdb68ec,Kobold Villager,Devilkin,7,Rank 2,7d6+5,44.38,43.42,40.58,2021-08-21 12:04:38
61214e46f641cb123bdb68ed,Mud Archfey,Fey,3,Rank 2,3d6,19.81,18.36,18.88,2021-08-21 12:04:38
61214e46f641cb123bdb68ee,Imp,Demonic,9,Rank 1,9d4+1,34.0,37.94,37.15,2021-08-21 12:04:38
61214e46f641cb123bdb68ef,Lich,Undead,8,Rank 2,8d6+2,50.84,47.7,47.26,2021-08-21 12:04:38
61214e46f641cb123bdb68f0,Kobold Archer,Devilkin,6,Rank 3,6d8,48.17,50.07,50.86,2021-08-21 12:04:38
61214e46f641cb123bdb68f1,Ice Spirit,Fey,4,Rank 1,4d4+2,14.5,17.16,16.15,2021-08-21 12:04:38
61214e46f641cb123bdb68f2,Djinni,Elemental,3,Rank 1,3d4,11.79,11.48,13.41,2021-08-21 12:04:38
61214e46f641cb123bdb68f3,Imp,Demonic,8,Rank 1,8d4+3,33.24,32.84,31.57,2021-08-21 12:04:38
61214e46f641cb123bdb68f4,Demilich,Undead,7,Rank 1,7d4,28.85,27.91,27.8,2021-08-21 12:04:38
61214e46f641cb123bdb68f5,Green Drake,Dragon,5,Rank 0,5d2+3,9.19,10.71,9.49,2021-08-21 12:04:38
61214e46f641cb123bdb68f6,Green Faerie,Fey,7,Rank 5,7d12+1,80.34,79.48,88.76,2021-08-21 12:04:38
61214e46f641cb123bdb68f7,Mud Elemental,Elemental,4,Rank 2,4d6,22.57,25.21,25.72,2021-08-21 12:04:38
61214e46f641cb123bdb68f8,Nightmare,Demonic,4,Rank 1,4d4+3,17.71,16.42,16.48,2021-08-21 12:04:38
61214e46f641cb123bdb68f9,Ghoul,Undead,5,Rank 1,5d4+2,19.16,20.54,21.89,2021-08-21 12:04:38
61214e46f641cb123bdb68fa,Goblin Villager,Devilkin,8,Rank 1,8d4+1,30.66,32.44,31.57,2021-08-21 12:04:38
61214e46f641cb123bdb68fb,Onyx Drake,Dragon,4,Rank 2,4d6+1,21.05,24.45,21.84,2021-08-21 12:04:38
61214e46f641cb123bdb68fc,Ice Mephit,Elemental,9,Rank 1,9d4,36.91,36.46,34.56,2021-08-21 12:04:38
61214e46f641cb123bdb68fd,Hell Hound,Demonic,7,Rank 2,7d6+3,42.26,43.18,39.21,2021-08-21 12:04:38
61214e46f641cb123bdb68fe,Goblin Archer,Devilkin,7,Rank 1,7d4+4,28.5,27.94,29.9,2021-08-21 12:04:38
61214e46f641cb123bdb68ff,Black Faerie,Fey,4,Rank 1,4d4,15.84,14.59,16.24,2021-08-21 12:04:38
61214e46f641cb123bdb6900,Mud Elemental,Elemental,5,Rank 2,5d6+1,28.26,31.84,30.67,2021-08-21 12:04:38
61214e46f641cb123bdb6901,Hell Hound,Demonic,8,Rank 0,8d2+1,15.95,15.78,15.15,2021-08-21 12:04:38
61214e46f641cb123bdb6902,Ghast,Undead,7,Rank 1,7d4,29.93,28.41,29.81,2021-08-21 12:04:38
61214e46f641cb123bdb6903,Green Dragon,Dragon,7,Rank 3,7d8+3,55.03,58.26,57.76,2021-08-21 12:04:38
61214e46f641cb123bdb6904,Steam Spirit,Fey,4,Rank 0,4d2+2,8.88,8.55,8.35,2021-08-21 12:04:38
61214e46f641cb123bdb6905,Ice Mephit,Elemental,4,Rank 3,4d8+1,32.37,30.84,32.21,2021-08-21 12:04:38
61214e46f641cb123bdb6906,Onyx Demon,Demonic,4,Rank 0,4d2+5,7.4,7.13,8.22,2021-08-21 12:04:38
61214e46f641cb123bdb6907,Poltergeist,Undead,3,Rank 4,3d10,34.37,25.1,28.7,2021-08-21 12:04:38
61214e46f641cb123bdb6908,Faerie Dragon,Dragon,6,Rank 5,6d12,72.16,67.48,76.3,2021-08-21 12:04:38
61214e46f641cb123bdb6909,Ice Spirit,Fey,4,Rank 0,4d2,7.83,8.36,7.45,2021-08-21 12:04:38
61214e46f641cb123bdb690a,Balor,Demonic,11,Rank 0,11d2+3,21.99,21.8,21.49,2021-08-21 12:04:38
61214e46f641cb123bdb690b,Kobold Villager,Devilkin,3,Rank 2,3d6+2,18.62,18.19,15.25,2021-08-21 12:04:38
61214e46f641cb123bdb690c,Red Faerie,Fey,8,Rank 1,8d4+1,33.2,31.47,33.88,2021-08-21 12:04:38
61214e46f641cb123bdb690d,Djinni,Elemental,3,Rank 2,3d6+1,19.26,15.27,15.4,2021-08-21 12:04:38
61214e46f641cb123bdb690e,Hell Hound,Demonic,12,Rank 1,12d4+1,47.38,47.07,47.54,2021-08-21 12:04:38
61214e46f641cb123bdb690f,Banshee,Undead,8,Rank 1,8d4+1,32.87,32.39,32.57,2021-08-21 12:04:38
61214e46f641cb123bdb6910,Sapphire Wyrmling,Dragon,5,Rank 2,5d6+1,31.24,31.31,31.88,2021-08-21 12:04:38
61214e46f641cb123bdb6911,Black Faerie,Fey,8,Rank 2,8d6+1,45.36,47.74,48.83,2021-08-21 12:04:38
61214e46f641cb123bdb6912,Steam Elemental,Elemental,4,Rank 1,4d4+2,15.23,17.77,15.64,2021-08-21 12:04:38
61214e46f641cb123bdb6913,Zombie Villager,Undead,7,Rank 2,7d6+1,41.77,43.85,43.3,2021-08-21 12:04:38
61214e46f641cb123bdb6914,Pit Lord,Devilkin,10,Rank 1,10d4,38.28,40.94,38.93,2021-08-21 12:04:38
61214e46f641cb123bdb6915,Pseudodragon,Dragon,8,Rank 4,8d10+1,77.37,82.98,79.65,2021-08-21 12:04:38
61214e46f641cb123bdb6916,Steam Spirit,Fey,5,Rank 0,5d2+1,10.82,9.61,9.4,2021-08-21 12:04:38
61214e46f641cb123bdb6917,Mud Elemental,Elemental,3,Rank 0,3d2,5.98,6.16,6.78,2021-08-21 12:04:38
61214e46f641cb123bdb6918,Ghostly Villager,Undead,6,Rank 2,6d6+4,34.29,34.26,34.61,2021-08-21 12:04:38
61214e46f641cb123bdb6919,Steam Devil,Devilkin,4,Rank 3,4d8+1,28.37,34.33,29.11,2021-08-21 12:04:38
61214e46f641cb123bdb691a,Green Dragon,Dragon,2,Rank 1,2d4+1,8.45,7.16,8.55,2021-08-21 12:04:38
61214e46f641cb123bdb691b,Djinni,Elemental,2,Rank 0,2d2+1,3.18,3.84,4.14,2021-08-21 12:04:38
61214e46f641cb123bdb691c,Night Hag,Demonic,3,Rank 0,3d2,5.84,6.77,5.9,2021-08-21 12:04:38
61214e46f641cb123bdb691d,Revenant,Undead,4,Rank 1,4d4+1,14.33,15.22,17.06,2021-08-21 12:04:38
61214e46f641cb123bdb691e,Goblin Villager,Devilkin,3,Rank 0,3d2,5.66,6.63,5.44,2021-08-21 12:04:38
61214e46f641cb123bdb691f,Green Wyrmling,Dragon,5,Rank 2,5d6,27.42,29.94,28.98,2021-08-21 12:04:38
61214e46f641cb123bdb6920,Sapphire Archfey,Fey,4,Rank 0,4d2+2,7.24,7.29,7.18,2021-08-21 12:04:38
61214e46f641cb123bdb6921,Djinni,Elemental,6,Rank 3,6d8,47.56,47.52,45.49,2021-08-21 12:04:38
61214e46f641cb123bdb6922,Nightmare,Demonic,5,Rank 1,5d4+2,20.73,21.13,19.66,2021-08-21 12:04:38
61214e46f641cb123bdb6923,Vampire,Undead,14,Rank 1,14d4+1,56.66,55.79,56.69,2021-08-21 12:04:38
61214e46f641cb123bdb6924,Goblin Villager,Devilkin,3,Rank 0,3d2+1,6.6,5.94,5.01,2021-08-21 12:04:38
61214e46f641cb123bdb6925,Dust Spirit,Fey,11,Rank 2,11d6+3,65.39,67.69,67.51,2021-08-21 12:04:38
61214e46f641cb123bdb6926,Efreeti,Elemental,5,Rank 2,5d6+2,30.96,29.09,30.03,2021-08-21 12:04:38
61214e46f641cb123bdb6927,Night Hag,Demonic,6,Rank 1,6d4+3,24.86,24.86,23.41,2021-08-21 12:04:38
61214e46f641cb123bdb6928,Skeletal Archer,Undead,7,Rank 3,7d8+1,56.57,57.14,56.71,2021-08-21 12:04:38
61214e46f641cb123bdb6929,Goblin Villager,Devilkin,5,Rank 2,5d6+1,32.88,28.21,30.54,2021-08-21 12:04:38
61214e46f641cb123bdb692a,Mud Spirit,Fey,7,Rank 1,7d4+1,28.16,27.89,29.18,2021-08-21 12:04:38
61214e46f641cb123bdb692b,Ice Elemental,Elemental,3,Rank 2,3d6,18.56,19.57,15.99,2021-08-21 12:04:38
61214e46f641cb123bdb692c,Night Hag,Demonic,7,Rank 2,7d6+1,44.22,43.91,40.38,2021-08-21 12:04:38
61214e46f641cb123bdb692d,Goblin Guard,Devilkin,7,Rank 2,7d6+1,42.95,39.59,43.26,2021-08-21 12:04:38
61214e46f641cb123bdb692e,Red Wyrmling,Dragon,7,Rank 0,7d2,13.93,14.89,14.47,2021-08-21 12:04:38
61214e46f641cb123bdb692f,Djinni,Elemental,3,Rank 2,3d6+5,19.07,18.13,16.69,2021-08-21 12:04:38
61214e46f641cb123bdb6930,Imp,Demonic,3,Rank 3,3d8,25.5,26.17,22.33,2021-08-21 12:04:38
61214e46f641cb123bdb6931,Mummy Lord,Undead,9,Rank 2,9d6+1,53.03,55.99,54.38,2021-08-21 12:04:38
61214e46f641cb123bdb6932,Pit Lord,Devilkin,7,Rank 3,7d8+3,59.36,54.23,57.31,2021-08-21 12:04:38
61214e46f641cb123bdb6933,Faerie Dragon,Dragon,8,Rank 0,8d2+1,16.74,15.13,16.81,2021-08-21 12:04:38
61214e46f641cb123bdb6934,Green Faerie,Fey,6,Rank 1,6d4,25.09,25.16,25.61,2021-08-21 12:04:38
61214e46f641cb123bdb6935,Efreeti,Elemental,4,Rank 0,4d2+2,7.98,7.85,7.24,2021-08-21 12:04:38
61214e46f641cb123bdb6936,Night Hag,Demonic,8,Rank 3,8d8+2,65.42,61.7,65.31,2021-08-21 12:04:38
61214e46f641cb123bdb6937,Revenant,Undead,5,Rank 0,5d2+3,10.96,10.51,10.99,2021-08-21 12:04:38
61214e46f641cb123bdb6938,Pit Lord,Devilkin,4,Rank 1,4d4+4,17.54,15.89,16.11,2021-08-21 12:04:38
61214e46f641cb123bdb6939,Faerie Dragon,Dragon,4,Rank 0,4d2,8.04,7.34,7.04,2021-08-21 12:04:38
61214e46f641cb123bdb693a,White Faerie,Fey,5,Rank 1,5d4+3,20.68,19.16,19.97,2021-08-21 12:04:38
61214e46f641cb123bdb693b,Steam Mephit,Elemental,2,Rank 2,2d6+4,13.79,13.24,13.3,2021-08-21 12:04:38
61214e46f641cb123bdb693c,Red Demon,Demonic,7,Rank 0,7d2,13.0,14.95,13.63,2021-08-21 12:04:38
61214e46f641cb123bdb693d,Pit Lord,Devilkin,4,Rank 4,4d10+1,37.51,37.33,37.49,2021-08-21 12:04:38
61214e46f641cb123bdb693e,Brass Drake,Dragon,5,Rank 3,5d8+5,42.89,36.28,40.15,2021-08-21 12:04:38
61214e46f641cb123bdb693f,Steam Mephit,Elemental,2,Rank 1,2d4,7.69,9.92,8.56,2021-08-21 12:04:38
61214e46f641cb123bdb6940,Imp,Demonic,2,Rank 0,2d2,3.28,3.57,4.27,2021-08-21 12:04:38
61214e46f641cb123bdb6941,Banshee,Undead,9,Rank 1,9d4+5,36.55,37.4,37.86,2021-08-21 12:04:38
61214e46f641cb123bdb6942,Faerie Dragon,Dragon,5,Rank 0,5d2+2,10.6,9.52,10.3,2021-08-21 12:04:38
61214e46f641cb123bdb6943,Mud Archfey,Fey,4,Rank 2,4d6,21.16,24.65,22.88,2021-08-21 12:04:38
61214e46f641cb123bdb6944,Night Hag,Demonic,4,Rank 3,4d8+2,29.14,33.89,32.3,2021-08-21 12:04:38
61214e46f641cb123bdb6945,Revenant,Undead,7,Rank 3,7d8,56.36,54.62,56.14,2021-08-21 12:04:38
61214e46f641cb123bdb6946,Kobold Villager,Devilkin,12,Rank 4,12d10,124.57,122.94,119.73,2021-08-21 12:04:38
61214e46f641cb123bdb6947,Steam Spirit,Fey,3,Rank 4,3d10+3,32.24,29.63,27.86,2021-08-21 12:04:38
61214e46f641cb123bdb6948,Steam Elemental,Elemental,5,Rank 1,5d4+2,20.97,19.55,19.81,2021-08-21 12:04:38
61214e46f641cb123bdb6949,Ghostly Villager,Undead,8,Rank 1,8d4+1,31.05,30.63,31.78,2021-08-21 12:04:38
61214e46f641cb123bdb694a,Prince of Fear,Devilkin,9,Rank 1,9d4,36.47,34.58,36.21,2021-08-21 12:04:38
61214e46f641cb123bdb694b,Red Archfey,Fey,5,Rank 3,5d8+2,37.26,41.08,38.86,2021-08-21 12:04:38
61214e46f641cb123bdb694c,Mud Elemental,Elemental,5,Rank 3,5d8+1,37.74,38.3,38.88,2021-08-21 12:04:38
61214e46f641cb123bdb694d,Revenant,Undead,6,Rank 1,6d4+1,22.07,24.76,25.44,2021-08-21 12:04:38
61214e46f641cb123bdb694e,Prince of Fear,Devilkin,5,Rank 3,5d8+4,37.17,39.24,39.01,2021-08-21 12:04:38
61214e46f641cb123bdb694f,Ice Spirit,Fey,6,Rank 0,6d2+3,11.21,11.26,12.5,2021-08-21 12:04:38
61214e46f641cb123bdb6950,Mud Elemental,Elemental,5,Rank 3,5d8,41.36,39.21,36.86,2021-08-21 12:04:38
61214e46f641cb123bdb6951,Blue Demon,Demonic,10,Rank 0,10d2+2,20.45,19.83,19.6,2021-08-21 12:04:38
61214e46f641cb123bdb6952,Revenant,Undead,8,Rank 3,8d8+1,61.46,60.35,60.85,2021-08-21 12:04:38
61214e46f641cb123bdb6953,Goblin Archer,Devilkin,7,Rank 0,7d2+1,14.47,13.54,13.63,2021-08-21 12:04:38
61214e46f641cb123bdb6954,Black Dragon,Dragon,5,Rank 0,5d2+3,10.26,9.16,9.39,2021-08-21 12:04:38
61214e46f641cb123bdb6955,Green Faerie,Fey,5,Rank 5,5d12+2,62.65,65.01,57.45,2021-08-21 12:04:38
61214e46f641cb123bdb6956,Mud Elemental,Elemental,1,Rank 2,1d6,7.37,8.04,5.57,2021-08-21 12:04:38
61214e46f641cb123bdb6957,Nightmare,Demonic,5,Rank 2,5d6,31.72,28.74,31.54,2021-08-21 12:04:38
61214e46f641cb123bdb6958,Wraith,Undead,6,Rank 2,6d6,34.26,38.09,35.44,2021-08-21 12:04:38
61214e46f641cb123bdb6959,Mud Devil,Devilkin,9,Rank 1,9d4,36.68,35.27,37.67,2021-08-21 12:04:38
61214e46f641cb123bdb695a,Pseudodragon,Dragon,6,Rank 0,6d2+1,12.66,11.97,11.37,2021-08-21 12:04:38
61214e46f641cb123bdb695b,Red Faerie,Fey,2,Rank 2,2d6+4,14.28,14.92,13.31,2021-08-21 12:04:38
61214e46f641cb123bdb695c,Hell Hound,Demonic,6,Rank 3,6d8+1,47.13,51.7,47.2,2021-08-21 12:04:38
61214e46f641cb123bdb695d,Skeletal Villager,Undead,6,Rank 0,6d2+4,11.98,11.69,11.18,2021-08-21 12:04:38
61214e46f641cb123bdb695e,Onyx Drake,Dragon,3,Rank 0,3d2+2,6.37,5.45,6.86,2021-08-21 12:04:38
61214e46f641cb123bdb695f,Blue Faerie,Fey,8,Rank 3,8d8+1,60.99,66.62,60.26,2021-08-21 12:04:38
61214e46f641cb123bdb6960,Imp,Demonic,10,Rank 4,10d10+1,99.06,96.77,102.34,2021-08-21 12:04:38
61214e46f641cb123bdb6961,Dust Devil,Devilkin,6,Rank 0,6d2,12.52,12.71,12.29,2021-08-21 12:04:38
61214e46f641cb123bdb6962,Pseudodragon,Dragon,3,Rank 0,3d2,6.55,6.69,5.97,2021-08-21 12:04:38
61214e46f641cb123bdb6963,Mud Elemental,Elemental,4,Rank 0,4d2+2,8.99,7.77,7.23,2021-08-21 12:04:38
61214e46f641cb123bdb6964,Hell Hound,Demonic,5,Rank 4,5d10+3,51.85,48.93,51.46,2021-08-21 12:04:38
61214e46f641cb123bdb6965,Wight,Undead,5,Rank 4,5d10,52.13,49.31,49.68,2021-08-21 12:04:38
61214e46f641cb123bdb6966,Succubus,Devilkin,3,Rank 1,3d4+3,12.93,11.62,13.03,2021-08-21 12:04:38
61214e46f641cb123bdb6967,Blue Wyrmling,Dragon,8,Rank 0,8d2,15.11,15.97,16.53,2021-08-21 12:04:38
61214e46f641cb123bdb6968,Ice Elemental,Elemental,6,Rank 2,6d6+2,37.97,34.09,38.4,2021-08-21 12:04:38
61214e46f641cb123bdb6969,Imp,Demonic,6,Rank 0,6d2+1,11.07,11.77,11.97,2021-08-21 12:04:38
61214e46f641cb123bdb696a,Zombie Archer,Undead,5,Rank 3,5d8+1,37.05,40.83,42.68,2021-08-21 12:04:38
61214e46f641cb123bdb696b,Goblin Villager,Devilkin,6,Rank 0,6d2+2,12.68,11.61,11.89,2021-08-21 12:04:38
61214e46f641cb123bdb696c,Black Drake,Dragon,6,Rank 2,6d6+2,38.28,37.05,35.3,2021-08-21 12:04:38
61214e46f641cb123bdb696d,Green Faerie,Fey,7,Rank 2,7d6+2,41.8,41.0,39.01,2021-08-21 12:04:38
61214e46f641cb123bdb696e,Djinni,Elemental,7,Rank 2,7d6+1,43.48,43.59,41.74,2021-08-21 12:04:38
61214e46f641cb123bdb696f,Imp,Demonic,4,Rank 0,4d2,8.72,8.25,8.9,2021-08-21 12:04:38
61214e46f641cb123bdb6970,Death Knight,Undead,7,Rank 0,7d2+4,14.39,13.7,14.37,2021-08-21 12:04:38
61214e46f641cb123bdb6971,Kobold Villager,Devilkin,5,Rank 1,5d4,20.43,19.69,20.06,2021-08-21 12:04:38
61214e46f641cb123bdb6972,Blue Drake,Dragon,6,Rank 0,6d2,12.02,12.59,11.17,2021-08-21 12:04:38
61214e46f641cb123bdb6973,Mud Spirit,Fey,6,Rank 1,6d4,24.62,24.76,24.55,2021-08-21 12:04:38
61214e46f641cb123bdb6974,Imp,Demonic,3,Rank 0,3d2+2,5.38,6.71,6.6,2021-08-21 12:04:38
61214e46f641cb123bdb6975,Kobold Villager,Devilkin,8,Rank 2,8d6+4,47.0,45.05,49.79,2021-08-21 12:04:38
61214e46f641cb123bdb6976,Ice Spirit,Fey,4,Rank 1,4d4,14.4,16.06,17.74,2021-08-21 12:04:38
61214e46f641cb123bdb6977,Steam Elemental,Elemental,4,Rank 0,4d2,8.2,8.44,8.34,2021-08-21 12:04:38
61214e46f641cb123bdb6978,Wight,Undead,3,Rank 1,3d4+2,12.76,11.39,13.4,2021-08-21 12:04:38
61214e46f641cb123bdb6979,Succubus,Devilkin,3,Rank 4,3d10+3,32.48,25.29,32.78,2021-08-21 12:04:38
61214e46f641cb123bdb697a,Green Faerie,Fey,4,Rank 0,4d2+3,7.52,7.76,8.49,2021-08-21 12:04:38
61214e46f641cb123bdb697b,Steam Mephit,Elemental,6,Rank 4,6d10+4,56.93,57.12,64.17,2021-08-21 12:04:38
61214e46f641cb123bdb697c,Nightmare,Demonic,10,Rank 0,10d2,20.44,20.36,20.15,2021-08-21 12:04:38
61214e46f641cb123bdb697d,Pit Lord,Devilkin,7,Rank 0,7d2+2,13.52,14.5,13.53,2021-08-21 12:04:38
61214e46f641cb123bdb697e,Red Faerie,Fey,3,Rank 1,3d4+1,11.75,13.94,13.65,2021-08-21 12:04:38
61214e46f641cb123bdb697f,Spore Elemental,Elemental,4,Rank 3,4d8,29.27,34.16,33.44,2021-08-21 12:04:38
61214e46f641cb123bdb6980,Nightmare,Demonic,5,Rank 1,5d4+3,19.92,18.52,20.05,2021-08-21 12:04:38
61214e46f641cb123bdb6981,Zombie Villager,Undead,7,Rank 0,7d2+2,14.01,13.04,14.87,2021-08-21 12:04:38
61214e46f641cb123bdb6982,Goblin Guard,Devilkin,6,Rank 4,6d10+2,62.89,57.05,57.69,2021-08-21 12:04:38
61214e46f641cb123bdb6983,Green Wyrmling,Dragon,9,Rank 0,9d2,17.4,17.6,18.42,2021-08-21 12:04:38
61214e46f641cb123bdb6984,Blue Faerie,Fey,5,Rank 1,5d4+4,21.16,18.47,20.81,2021-08-21 12:04:38
61214e46f641cb123bdb6985,Imp,Demonic,10,Rank 2,10d6+2,62.58,59.02,58.69,2021-08-21 12:04:38
61214e46f641cb123bdb6986,Kobold Villager,Devilkin,10,Rank 4,10d10,96.86,99.71,96.19,2021-08-21 12:04:38
61214e46f641cb123bdb6987,White Wyrmling,Dragon,7,Rank 0,7d2+5,14.16,14.41,13.29,2021-08-21 12:04:38
61214e46f641cb123bdb6988,Ice Spirit,Fey,9,Rank 2,9d6,53.64,53.99,55.18,2021-08-21 12:04:38
61214e46f641cb123bdb6989,Spore Elemental,Elemental,8,Rank 0,8d2,16.1,15.0,16.63,2021-08-21 12:04:38
61214e46f641cb123bdb698a,Hook Horror,Demonic,8,Rank 3,8d8+3,63.22,61.79,66.15,2021-08-21 12:04:38
61214e46f641cb123bdb698b,Wraith,Undead,10,Rank 1,10d4+2,38.44,41.79,40.03,2021-08-21 12:04:38
61214e46f641cb123bdb698c,Faerie Dragon,Dragon,6,Rank 1,6d4+4,24.17,22.89,24.15,2021-08-21 12:04:38
61214e46f641cb123bdb698d,Steam Spirit,Fey,6,Rank 2,6d6,36.51,34.34,34.49,2021-08-21 12:04:38
61214e46f641cb123bdb698e,Djinni,Elemental,3,Rank 3,3d8+1,24.83,24.46,23.2,2021-08-21 12:04:38
61214e46f641cb123bdb698f,Night Hag,Demonic,7,Rank 1,7d4,27.38,29.33,28.57,2021-08-21 12:04:38
61214e46f641cb123bdb6990,Wraith,Undead,4,Rank 2,4d6+1,22.39,25.83,26.27,2021-08-21 12:04:38
61214e46f641cb123bdb6991,Goblin Villager,Devilkin,5,Rank 3,5d8,40.0,37.46,39.31,2021-08-21 12:04:38
61214e46f641cb123bdb6992,Blue Drake,Dragon,5,Rank 1,5d4,19.21,19.43,18.14,2021-08-21 12:04:38
61214e46f641cb123bdb6993,Efreeti,Elemental,5,Rank 0,5d2,9.88,9.97,10.82,2021-08-21 12:04:38
61214e46f641cb123bdb6994,Hook Horror,Demonic,7,Rank 1,7d4+3,28.01,28.54,27.67,2021-08-21 12:04:38
61214e46f641cb123bdb6995,Vampire,Undead,4,Rank 2,4d6+3,23.44,21.21,21.51,2021-08-21 12:04:38
61214e46f641cb123bdb6996,Goblin Villager,Devilkin,6,Rank 1,6d4+1,24.95,24.2,22.38,2021-08-21 12:04:38
61214e46f641cb123bdb6997,Blue Wyrmling,Dragon,8,Rank 1,8d4+1,31.89,32.03,32.9,2021-08-21 12:04:38
61214e46f641cb123bdb6998,Dust Archfey,Fey,9,Rank 0,9d2+1,17.58,17.67,18.89,2021-08-21 12:04:38
61214e46f641cb123bdb6999,Mud Mephit,Elemental,7,Rank 0,7d2+1,13.93,14.79,13.11,2021-08-21 12:04:38
61214e46f641cb123bdb699a,Imp,Demonic,9,Rank 0,9d2,18.85,17.71,17.32,2021-08-21 12:04:38
61214e46f641cb123bdb699b,Lich,Undead,4,Rank 3,4d8+5,30.37,29.55,34.48,2021-08-21 12:04:38
61214e46f641cb123bdb699c,Kobold Guard,Devilkin,8,Rank 2,8d6,46.2,49.23,45.42,2021-08-21 12:04:38
61214e46f641cb123bdb699d,Red Faerie,Fey,4,Rank 2,4d6+4,26.24,23.03,23.03,2021-08-21 12:04:38
61214e46f641cb123bdb699e,Mud Mephit,Elemental,5,Rank 0,5d2,9.84,9.88,9.31,2021-08-21 12:04:38
61214e46f641cb123bdb699f,Mummy,Undead,7,Rank 1,7d4,29.95,27.7,28.28,2021-08-21 12:04:38
61214e46f641cb123bdb69a0,Kobold Villager,Devilkin,2,Rank 0,2d2+3,3.03,3.18,3.59,2021-08-21 12:04:38
61214e46f641cb123bdb69a1,Mud Spirit,Fey,6,Rank 1,6d4+2,23.64,24.95,22.76,2021-08-21 12:04:38
61214e46f641cb123bdb69a2,Steam Elemental,Elemental,5,Rank 0,5d2+3,9.18,10.81,10.84,2021-08-21 12:04:38
61214e46f641cb123bdb69a3,Zombie Villager,Undead,4,Rank 3,4d8+4,35.77,34.89,30.41,2021-08-21 12:04:38
61214e46f641cb123bdb69a4,White Wyrmling,Dragon,4,Rank 0,4d2+3,8.09,7.53,8.77,2021-08-21 12:04:38
61214e46f641cb123bdb69a5,Black Faerie,Fey,2,Rank 0,2d2+2,3.0,3.89,4.92,2021-08-21 12:04:38
61214e46f641cb123bdb69a6,Mud Elemental,Elemental,6,Rank 0,6d2,11.87,12.09,12.69,2021-08-21 12:04:38
61214e46f641cb123bdb69a7,Revenant,Undead,10,Rank 2,10d6+1,57.0,59.55,60.5,2021-08-21 12:04:38
61214e46f641cb123bdb69a8,Steam Devil,Devilkin,6,Rank 2,6d6+4,38.38,35.9,35.09,2021-08-21 12:04:38
61214e46f641cb123bdb69a9,Wyvern,Dragon,5,Rank 4,5d10,53.87,45.6,53.07,2021-08-21 12:04:38
61214e46f641cb123bdb69aa,White Faerie,Fey,8,Rank 4,8d10+2,75.11,76.33,82.77,2021-08-21 12:04:38
61214e46f641cb123bdb69ab,Red Demon,Demonic,5,Rank 4,5d10+3,48.32,48.64,49.5,2021-08-21 12:04:38
61214e46f641cb123bdb69ac,Mud Devil,Devilkin,8,Rank 2,8d6+2,49.13,48.38,49.79,2021-08-21 12:04:38
61214e46f641cb123bdb69ad,Black Drake,Dragon,2,Rank 0,2d2+3,4.25,4.11,4.78,2021-08-21 12:04:38
61214e46f641cb123bdb69ae,Steam Mephit,Elemental,6,Rank 0,6d2+1,12.84,12.54,12.33,2021-08-21 12:04:38
61214e46f641cb123bdb69af,Ghostly Villager,Undead,7,Rank 0,7d2,14.75,13.73,13.42,2021-08-21 12:04:38
61214e46f641cb123bdb69b0,Kobold Villager,Devilkin,5,Rank 2,5d6+3,28.83,31.31,28.98,2021-08-21 12:04:38
61214e46f641cb123bdb69b1,Red Dragon,Dragon,3,Rank 0,3d2+2,5.79,5.15,6.3,2021-08-21 12:04:38
61214e46f641cb123bdb69b2,Mud Spirit,Fey,7,Rank 0,7d2+4,13.08,13.1,14.49,2021-08-21 12:04:38
61214e46f641cb123bdb69b3,Nightmare,Demonic,4,Rank 1,4d4+2,16.64,16.19,15.36,2021-08-21 12:04:38
61214e46f641cb123bdb69b4,Dust Devil,Devilkin,8,Rank 2,8d6+3,46.64,50.1,45.7,2021-08-21 12:04:38
61214e46f641cb123bdb69b5,Red Wyrmling,Dragon,6,Rank 0,6d2+1,11.23,12.0,11.51,2021-08-21 12:04:38
61214e46f641cb123bdb69b6,Ice Spirit,Fey,8,Rank 1,8d4,33.5,31.81,30.95,2021-08-21 12:04:38
61214e46f641cb123bdb69b7,Steam Mephit,Elemental,8,Rank 5,8d12+2,99.41,94.44,99.65,2021-08-21 12:04:38
61214e46f641cb123bdb69b8,Quasit,Demonic,3,Rank 2,3d6+1,17.96,17.69,20.42,2021-08-21 12:04:38
61214e46f641cb123bdb69b9,Ghast,Undead,3,Rank 1,3d4+2,13.28,11.98,10.96,2021-08-21 12:04:38
61214e46f641cb123bdb69ba,Black Drake,Dragon,6,Rank 0,6d2,12.54,11.65,11.52,2021-08-21 12:04:38
61214e46f641cb123bdb69bb,Efreeti,Elemental,10,Rank 1,10d4,38.11,40.62,40.81,2021-08-21 12:04:38
61214e46f641cb123bdb69bc,Skeletal Archer,Undead,5,Rank 2,5d6,32.05,28.21,31.12,2021-08-21 12:04:38
61214e46f641cb123bdb69bd,Pseudodragon,Dragon,3,Rank 5,3d12,34.11,32.21,38.96,2021-08-21 12:04:38
61214e46f641cb123bdb69be,Green Archfey,Fey,5,Rank 1,5d4,19.47,21.97,21.15,2021-08-21 12:04:38
61214e46f641cb123bdb69bf,Dust Elemental,Elemental,5,Rank 1,5d4+2,18.25,19.88,20.45,2021-08-21 12:04:38
61214e46f641cb123bdb69c0,Mummy,Undead,6,Rank 2,6d6,38.09,34.06,35.77,2021-08-21 12:04:38
61214e46f641cb123bdb69c1,Goblin Villager,Devilkin,6,Rank 3,6d8+2,46.62,50.25,49.74,2021-08-21 12:04:38
61214e46f641cb123bdb69c2,Black Drake,Dragon,7,Rank 3,7d8,55.39,56.89,53.45,2021-08-21 12:04:38
61214e46f641cb123bdb69c3,Red Faerie,Fey,7,Rank 1,7d4+5,28.39,26.93,26.65,2021-08-21 12:04:38
61214e46f641cb123bdb69c4,Black Demon,Demonic,6,Rank 5,6d12+2,72.58,68.51,69.48,2021-08-21 12:04:38
61214e46f641cb123bdb69c5,Zombie Villager,Undead,5,Rank 0,5d2+2,9.55,9.6,10.36,2021-08-21 12:04:38
61214e46f641cb123bdb69c6,Kobold Villager,Devilkin,9,Rank 0,9d2+2,18.84,17.44,18.17,2021-08-21 12:04:38
61214e46f641cb123bdb69c7,Faerie Dragon,Dragon,7,Rank 3,7d8,55.96,53.21,59.27,2021-08-21 12:04:38
61214e46f641cb123bdb69c8,Black Faerie,Fey,4,Rank 1,4d4+5,14.75,16.36,14.24,2021-08-21 12:04:38
61214e46f641cb123bdb69c9,Djinni,Elemental,4,Rank 2,4d6+2,26.19,26.26,21.71,2021-08-21 12:04:38
61214e46f641cb123bdb69ca,Skeletal Villager,Undead,2,Rank 1,2d4+2,7.03,7.89,8.9,2021-08-21 12:04:38
61214e46f641cb123bdb69cb,Kobold Villager,Devilkin,4,Rank 0,4d2+2,8.42,7.95,7.84,2021-08-21 12:04:38
61214e46f641cb123bdb69cc,Blue Faerie,Fey,10,Rank 0,10d2+3,20.76,20.27,19.95,2021-08-21 12:04:38
61214e46f641cb123bdb69cd,Quasit,Demonic,4,Rank 3,4d8,31.58,35.14,34.54,2021-08-21 12:04:38
61214e46f641cb123bdb69ce,Vampire,Undead,5,Rank 0,5d2+4,9.1,9.19,9.84,2021-08-21 12:04:38
61214e46f641cb123bdb69cf,Kobold Villager,Devilkin,6,Rank 4,6d10,59.0,58.56,62.92,2021-08-21 12:04:38
61214e46f641cb123bdb69d0,Red Drake,Dragon,5,Rank 3,5d8+1,42.17,41.0,36.36,2021-08-21 12:04:38
61214e46f641cb123bdb69d1,Dust Elemental,Elemental,5,Rank 0,5d2+1,9.96,9.18,9.28,2021-08-21 12:04:38
61214e46f641cb123bdb69d2,Hell Hound,Demonic,7,Rank 1,7d4,28.02,27.06,27.56,2021-08-21 12:04:38
61214e46f641cb123bdb69d3,Succubus,Devilkin,6,Rank 0,6d2+4,12.91,11.78,11.17,2021-08-21 12:04:38
61214e46f641cb123bdb69d4,Green Dragon,Dragon,9,Rank 2,9d6+1,56.79,55.45,53.08,2021-08-21 12:04:38
61214e46f641cb123bdb69d5,Black Faerie,Fey,3,Rank 3,3d8+4,25.08,27.76,20.2,2021-08-21 12:04:38
61214e46f641cb123bdb69d6,Djinni,Elemental,5,Rank 2,5d6+2,30.34,31.21,29.95,2021-08-21 12:04:38
61214e46f641cb123bdb69d7,Hell Hound,Demonic,4,Rank 3,4d8,29.58,29.91,34.59,2021-08-21 12:04:38
61214e46f641cb123bdb69d8,Kobold Guard,Devilkin,5,Rank 3,5d8+3,40.56,38.41,43.78,2021-08-21 12:04:38
61214e46f641cb123bdb69d9,Green Dragon,Dragon,2,Rank 4,2d10+3,22.51,17.68,16.78,2021-08-21 12:04:38
61214e46f641cb123bdb69da,Steam Mephit,Elemental,5,Rank 0,5d2+2,9.21,10.01,10.69,2021-08-21 12:04:38
61214e46f641cb123bdb69db,Imp,Demonic,7,Rank 0,7d2,14.8,14.47,13.59,2021-08-21 12:04:38
61214e46f641cb123bdb69dc,Poltergeist,Undead,6,Rank 3,6d8+1,45.82,47.83,49.52,2021-08-21 12:04:38
61214e46f641cb123bdb69dd,Prince of Fear,Devilkin,3,Rank 3,3d8+3,25.75,23.54,22.36,2021-08-21 12:04:38
61214e46f641cb123bdb69de,Pseudodragon,Dragon,10,Rank 2,10d6,58.08,59.54,58.07,2021-08-21 12:04:38
61214e46f641cb123bdb69df,Mud Mephit,Elemental,3,Rank 2,3d6,19.48,16.26,18.2,2021-08-21 12:04:38
61214e46f641cb123bdb69e0,Skeletal Villager,Undead,8,Rank 5,8d12+1,97.42,92.17,93.43,2021-08-21 12:04:38
61214e46f641cb123bdb69e1,Goblin Villager,Devilkin,2,Rank 2,2d6,9.59,14.07,14.93,2021-08-21 12:04:38
61214e46f641cb123bdb69e2,White Drake,Dragon,3,Rank 2,3d6+1,19.98,18.76,19.44,2021-08-21 12:04:38
61214e46f641cb123bdb69e3,Black Faerie,Fey,4,Rank 0,4d2+1,7.99,7.82,8.66,2021-08-21 12:04:38
61214e46f641cb123bdb69e4,Mud Mephit,Elemental,7,Rank 2,7d6+3,40.42,42.81,39.97,2021-08-21 12:04:38
61214e46f641cb123bdb69e5,Nightmare,Demonic,8,Rank 0,8d2,16.07,15.86,15.74,2021-08-21 12:04:38
61214e46f641cb123bdb69e6,Mummy Lord,Undead,7,Rank 4,7d10,71.54,72.6,74.27,2021-08-21 12:04:38
61214e46f641cb123bdb69e7,Kobold Villager,Devilkin,6,Rank 2,6d6+1,37.59,34.59,36.09,2021-08-21 12:04:38
61214e46f641cb123bdb69e8,Steam Spirit,Fey,5,Rank 1,5d4+3,19.0,19.16,18.16,2021-08-21 12:04:38
61214e46f641cb123bdb69e9,Imp,Demonic,7,Rank 0,7d2+3,14.02,13.81,13.54,2021-08-21 12:04:38
61214e46f641cb123bdb69ea,Banshee,Undead,13,Rank 0,13d2,25.31,26.26,26.97,2021-08-21 12:04:38
61214e46f641cb123bdb69eb,Goblin Guard,Devilkin,4,Rank 0,4d2+3,8.4,8.83,7.97,2021-08-21 12:04:38
61214e46f641cb123bdb69ec,Faerie Dragon,Dragon,6,Rank 0,6d2+2,12.68,11.25,11.02,2021-08-21 12:04:38
61214e46f641cb123bdb69ed,Ice Archfey,Fey,4,Rank 2,4d6+1,23.96,22.21,22.69,2021-08-21 12:04:38
61214e46f641cb123bdb69ee,Mud Mephit,Elemental,3,Rank 1,3d4+4,13.2,10.87,13.14,2021-08-21 12:04:38
61214e46f641cb123bdb69ef,Ghostly Villager,Undead,5,Rank 0,5d2,10.66,10.27,10.27,2021-08-21 12:04:38
61214e46f641cb123bdb69f0,Green Wyrmling,Dragon,4,Rank 2,4d6+3,23.84,26.14,22.28,2021-08-21 12:04:38
61214e46f641cb123bdb69f1,Black Faerie,Fey,9,Rank 0,9d2,17.5,17.43,17.1,2021-08-21 12:04:38
61214e46f641cb123bdb69f2,Ice Elemental,Elemental,7,Rank 0,7d2+1,14.02,13.73,14.85,2021-08-21 12:04:38
61214e46f641cb123bdb69f3,Banshee,Undead,7,Rank 3,7d8+3,57.94,53.74,55.22,2021-08-21 12:04:38
61214e46f641cb123bdb69f4,Prince of Fear,Devilkin,6,Rank 0,6d2+1,11.29,12.58,12.67,2021-08-21 12:04:38
61214e46f641cb123bdb69f5,Blue Faerie,Fey,5,Rank 1,5d4+3,19.52,19.1,20.56,2021-08-21 12:04:38
61214e46f641cb123bdb69f6,Steam Mephit,Elemental,7,Rank 4,7d10+4,67.47,70.43,68.95,2021-08-21 12:04:38
61214e46f641cb123bdb69f7,Banshee,Undead,6,Rank 3,6d8+1,49.08,46.12,46.12,2021-08-21 12:04:38
61214e46f641cb123bdb69f8,Mud Devil,Devilkin,9,Rank 0,9d2,17.97,18.2,17.42,2021-08-21 12:04:38
61214e46f641cb123bdb69f9,Red Wyrmling,Dragon,6,Rank 2,6d6+5,35.57,35.6,36.53,2021-08-21 12:04:38
61214e46f641cb123bdb69fa,Djinni,Elemental,9,Rank 0,9d2+2,17.42,17.16,18.21,2021-08-21 12:04:38
61214e46f641cb123bdb69fb,Ghoul,Undead,3,Rank 0,3d2+2,5.59,5.83,5.61,2021-08-21 12:04:38
61214e46f641cb123bdb69fc,Faerie Dragon,Dragon,6,Rank 0,6d2,11.58,11.3,11.33,2021-08-21 12:04:38
61214e46f641cb123bdb69fd,Red Faerie,Fey,5,Rank 0,5d2+2,9.73,10.1,10.47,2021-08-21 12:04:38
61214e46f641cb123bdb69fe,Steam Mephit,Elemental,5,Rank 2,5d6,28.75,29.78,28.92,2021-08-21 12:04:38
61214e46f641cb123bdb69ff,Nightmare,Demonic,7,Rank 2,7d6+3,40.41,43.95,43.99,2021-08-21 12:04:38
61214e46f641cb123bdb6a00,Wight,Undead,7,Rank 0,7d2+2,14.9,14.52,14.03,2021-08-21 12:04:38
61214e46f641cb123bdb6a01,Kobold Guard,Devilkin,5,Rank 0,5d2,9.9,9.58,9.84,2021-08-21 12:04:38
61214e46f641cb123bdb6a02,Sapphire Drake,Dragon,7,Rank 0,7d2,14.03,13.25,13.74,2021-08-21 12:04:38
61214e46f641cb123bdb6a03,Copper Faerie,Fey,6,Rank 0,6d2,11.86,12.85,12.28,2021-08-21 12:04:38
61214e46f641cb123bdb6a04,Imp,Demonic,8,Rank 1,8d4+2,31.77,33.65,31.71,2021-08-21 12:04:38
61214e46f641cb123bdb6a05,Pit Lord,Devilkin,4,Rank 4,4d10+2,36.91,43.43,38.4,2021-08-21 12:04:38
61214e46f641cb123bdb6a06,Copper Wyrmling,Dragon,7,Rank 0,7d2+3,13.79,14.83,13.67,2021-08-21 12:04:38
61214e46f641cb123bdb6a07,Onyx Faerie,Fey,7,Rank 0,7d2+1,14.96,13.6,14.97,2021-08-21 12:04:38
61214e46f641cb123bdb6a08,Steam Mephit,Elemental,13,Rank 0,13d2,26.53,26.24,26.72,2021-08-21 12:04:38
61214e46f641cb123bdb6a09,Green Demon,Demonic,5,Rank 0,5d2+4,10.52,9.56,9.31,2021-08-21 12:04:38
61214e46f641cb123bdb6a0a,Vampire,Undead,6,Rank 4,6d10,58.67,64.33,60.9,2021-08-21 12:04:38
61214e46f641cb123bdb6a0b,Succubus,Devilkin,3,Rank 0,3d2+2,6.41,5.21,6.37,2021-08-21 12:04:38
61214e46f641cb123bdb6a0c,Red Drake,Dragon,7,Rank 3,7d8,56.11,59.93,56.39,2021-08-21 12:04:38
61214e46f641cb123bdb6a0d,Red Faerie,Fey,7,Rank 2,7d6,41.54,42.23,42.49,2021-08-21 12:04:38
61214e46f641cb123bdb6a0e,Nightmare,Demonic,6,Rank 5,6d12,69.57,75.32,66.88,2021-08-21 12:04:38
61214e46f641cb123bdb6a0f,Ghostly Villager,Undead,3,Rank 1,3d4+5,11.74,13.59,13.33,2021-08-21 12:04:38
61214e46f641cb123bdb6a10,Kobold Villager,Devilkin,4,Rank 0,4d2+1,7.81,8.93,8.21,2021-08-21 12:04:38
61214e46f641cb123bdb6a11,Green Wyrmling,Dragon,4,Rank 0,4d2,7.43,7.06,8.72,2021-08-21 12:04:38
61214e46f641cb123bdb6a12,Onyx Faerie,Fey,10,Rank 0,10d2+1,19.66,19.03,19.46,2021-08-21 12:04:38
61214e46f641cb123bdb6a13,Blue Demon,Demonic,7,Rank 0,7d2+3,14.86,13.04,13.18,2021-08-21 12:04:38
61214e46f641cb123bdb6a14,Wight,Undead,6,Rank 5,6d12+1,70.53,71.28,72.31,2021-08-21 12:04:38
61214e46f641cb123bdb6a15,Kobold Villager,Devilkin,4,Rank 0,4d2,7.46,8.85,7.27,2021-08-21 12:04:38
61214e46f641cb123bdb6a16,Blue Dragon,Dragon,5,Rank 2,5d6+3,30.38,29.46,31.09,2021-08-21 12:04:38
61214e46f641cb123bdb6a17,Blue Faerie,Fey,6,Rank 1,6d4,23.16,24.49,23.54,2021-08-21 12:04:38
61214e46f641cb123bdb6a18,Imp,Demonic,7,Rank 0,7d2,13.7,14.34,14.32,2021-08-21 12:04:38
61214e46f641cb123bdb6a19,Lich,Undead,2,Rank 1,2d4+3,6.26,8.63,9.5,2021-08-21 12:04:38
61214e46f641cb123bdb6a1a,Kobold Villager,Devilkin,7,Rank 0,7d2,13.6,14.9,13.47,2021-08-21 12:04:38
61214e46f641cb123bdb6a1b,Red Archfey,Fey,3,Rank 1,3d4+2,11.08,13.05,13.42,2021-08-21 12:04:38
61214e46f641cb123bdb6a1c,Nightmare,Demonic,11,Rank 4,11d10,108.11,111.87,110.77,2021-08-21 12:04:38
61214e46f641cb123bdb6a1d,Vampire,Undead,8,Rank 1,8d4+1,33.47,31.67,32.24,2021-08-21 12:04:38
61214e46f641cb123bdb6a1e,Kobold Villager,Devilkin,5,Rank 3,5d8+3,40.5,43.13,39.73,2021-08-21 12:04:38
61214e46f641cb123bdb6a1f,Blue Dragon,Dragon,7,Rank 1,7d4,28.19,29.49,28.48,2021-08-21 12:04:38
61214e46f641cb123bdb6a20,Green Faerie,Fey,4,Rank 3,4d8+1,35.98,29.24,29.08,2021-08-21 12:04:38
61214e46f641cb123bdb6a21,Dust Mephit,Elemental,7,Rank 1,7d4,27.65,28.0,27.22,2021-08-21 12:04:38
61214e46f641cb123bdb6a22,Quasit,Demonic,6,Rank 0,6d2,12.52,12.25,12.67,2021-08-21 12:04:38
61214e46f641cb123bdb6a23,Skeletal Villager,Undead,8,Rank 0,8d2,16.53,15.35,16.61,2021-08-21 12:04:38
61214e46f641cb123bdb6a24,Kobold Archer,Devilkin,7,Rank 2,7d6+1,43.56,42.69,40.02,2021-08-21 12:04:38
61214e46f641cb123bdb6a25,Black Drake,Dragon,7,Rank 2,7d6,40.81,41.24,42.42,2021-08-21 12:04:38
61214e46f641cb123bdb6a26,White Faerie,Fey,8,Rank 1,8d4+4,32.15,32.19,31.44,2021-08-21 12:04:38
61214e46f641cb123bdb6a27,Djinni,Elemental,8,Rank 0,8d2+1,16.54,16.42,15.27,2021-08-21 12:04:38
61214e46f641cb123bdb6a28,Ghoul,Undead,3,Rank 0,3d2+1,5.64,6.87,6.8,2021-08-21 12:04:38
61214e46f641cb123bdb6a29,Goblin Villager,Devilkin,7,Rank 2,7d6,41.48,44.51,43.36,2021-08-21 12:04:38
61214e46f641cb123bdb6a2a,Mud Spirit,Fey,8,Rank 3,8d8+3,63.75,65.96,66.63,2021-08-21 12:04:38
61214e46f641cb123bdb6a2b,Night Hag,Demonic,8,Rank 0,8d2+2,16.14,16.74,16.88,2021-08-21 12:04:38
61214e46f641cb123bdb6a2c,Ghostly Villager,Undead,7,Rank 1,7d4+3,28.44,29.63,27.15,2021-08-21 12:04:38
61214e46f641cb123bdb6a2d,Black Drake,Dragon,4,Rank 1,4d4+4,16.27,16.44,15.66,2021-08-21 12:04:38
61214e46f641cb123bdb6a2e,Steam Archfey,Fey,1,Rank 3,1d8+1,4.11,11.63,7.11,2021-08-21 12:04:38
61214e46f641cb123bdb6a2f,Mud Mephit,Elemental,4,Rank 2,4d6+4,22.16,24.95,23.88,2021-08-21 12:04:38
61214e46f641cb123bdb6a30,Imp,Demonic,3,Rank 2,3d6+1,17.18,19.42,18.58,2021-08-21 12:04:38
61214e46f641cb123bdb6a31,Goblin Villager,Devilkin,7,Rank 0,7d2,13.95,14.32,14.89,2021-08-21 12:04:38
61214e46f641cb123bdb6a32,Black Wyrmling,Dragon,4,Rank 1,4d4+1,16.8,16.96,15.62,2021-08-21 12:04:38
61214e46f641cb123bdb6a33,Blue Faerie,Fey,4,Rank 2,4d6+1,25.94,25.15,22.67,2021-08-21 12:04:38
61214e46f641cb123bdb6a34,Imp,Demonic,5,Rank 0,5d2+2,10.01,9.19,9.53,2021-08-21 12:04:38
61214e46f641cb123bdb6a35,Wraith,Undead,5,Rank 0,5d2+3,10.95,10.4,10.68,2021-08-21 12:04:38
61214e46f641cb123bdb6a36,Green Drake,Dragon,6,Rank 0,6d2+1,11.11,11.4,12.59,2021-08-21 12:04:38
61214e46f641cb123bdb6a37,Magma Mephit,Elemental,3,Rank 1,3d4+3,11.09,13.09,11.9,2021-08-21 12:04:38
61214e46f641cb123bdb6a38,Night Hag,Demonic,8,Rank 1,8d4+1,32.04,32.79,32.58,2021-08-21 12:04:38
61214e46f641cb123bdb6a39,Ghostly Villager,Undead,5,Rank 0,5d2+3,9.32,9.29,9.1,2021-08-21 12:04:38
61214e46f641cb123bdb6a3a,Bronze Wyrmling,Dragon,14,Rank 2,14d6,81.56,86.12,82.69,2021-08-21 12:04:38
61214e46f641cb123bdb6a3b,Dust Elemental,Elemental,7,Rank 0,7d2+3,13.55,14.68,13.61,2021-08-21 12:04:38
61214e46f641cb123bdb6a3c,Quasit,Demonic,5,Rank 2,5d6+5,32.24,29.9,28.88,2021-08-21 12:04:38
61214e46f641cb123bdb6a3d,Kobold Guard,Devilkin,7,Rank 1,7d4+1,29.5,27.12,26.33,2021-08-21 12:04:38
61214e46f641cb123bdb6a3e,Blue Drake,Dragon,5,Rank 2,5d6+3,31.11,31.47,30.95,2021-08-21 12:04:38
61214e46f641cb123bdb6a3f,Black Faerie,Fey,7,Rank 1,7d4+1,28.9,26.74,29.02,2021-08-21 12:04:38
61214e46f641cb123bdb6a40,Ice Mephit,Elemental,8,Rank 1,8d4+1,32.23,31.21,32.41,2021-08-21 12:04:38
61214e46f641cb123bdb6a41,Imp,Demonic,2,Rank 2,2d6+2,9.2,11.52,9.72,2021-08-21 12:04:38
61214e46f641cb123bdb6a42,Skeletal Villager,Undead,5,Rank 0,5d2+3,10.55,9.75,9.08,2021-08-21 12:04:38
61214e46f641cb123bdb6a43,Red Wyrmling,Dragon,5,Rank 1,5d4,19.99,20.81,20.72,2021-08-21 12:04:38
61214e46f641cb123bdb6a44,Steam Spirit,Fey,7,Rank 1,7d4+2,28.27,26.4,28.97,2021-08-21 12:04:38
61214e46f641cb123bdb6a45,Ice Mephit,Elemental,6,Rank 3,6d8+3,47.82,50.0,49.77,2021-08-21 12:04:38
61214e46f641cb123bdb6a46,Pit Fiend,Demonic,6,Rank 1,6d4+2,23.18,22.72,23.99,2021-08-21 12:04:38
61214e46f641cb123bdb6a47,Goblin Villager,Devilkin,2,Rank 0,2d2+3,3.25,3.74,3.94,2021-08-21 12:04:38
61214e46f641cb123bdb6a48,Blue Drake,Dragon,12,Rank 3,12d8+5,97.31,98.31,93.76,2021-08-21 12:04:38
61214e46f641cb123bdb6a49,Steam Spirit,Fey,7,Rank 3,7d8,55.76,54.49,56.25,2021-08-21 12:04:38
61214e46f641cb123bdb6a4a,Nightmare,Demonic,7,Rank 1,7d4+2,27.69,29.05,28.13,2021-08-21 12:04:38
61214e46f641cb123bdb6a4b,Kobold Guard,Devilkin,5,Rank 0,5d2,10.17,10.63,9.61,2021-08-21 12:04:38
61214e46f641cb123bdb6a4c,Green Dragon,Dragon,8,Rank 2,8d6+3,50.38,45.84,47.99,2021-08-21 12:04:38
61214e46f641cb123bdb6a4d,Red Faerie,Fey,5,Rank 3,5d8+5,40.4,42.38,39.45,2021-08-21 12:04:38
61214e46f641cb123bdb6a4e,Steam Elemental,Elemental,7,Rank 1,7d4,28.49,26.12,27.59,2021-08-21 12:04:38
61214e46f641cb123bdb6a4f,Banshee,Undead,8,Rank 2,8d6+1,49.12,50.04,47.69,2021-08-21 12:04:38
61214e46f641cb123bdb6a50,Steam Devil,Devilkin,11,Rank 0,11d2+2,21.27,21.12,21.57,2021-08-21 12:04:38
61214e46f641cb123bdb6a51,Copper Dragon,Dragon,5,Rank 2,5d6+5,28.76,30.85,31.1,2021-08-21 12:04:38
61214e46f641cb123bdb6a52,Blue Archfey,Fey,5,Rank 2,5d6+3,28.32,29.18,29.99,2021-08-21 12:04:38
61214e46f641cb123bdb6a53,Mud Mephit,Elemental,8,Rank 0,8d2+1,15.6,15.04,15.03,2021-08-21 12:04:38
61214e46f641cb123bdb6a54,Nightmare,Demonic,4,Rank 0,4d2+2,8.4,8.7,7.62,2021-08-21 12:04:38
61214e46f641cb123bdb6a55,Vampire,Undead,7,Rank 1,7d4,28.56,26.82,26.95,2021-08-21 12:04:38
61214e46f641cb123bdb6a56,Succubus,Devilkin,6,Rank 0,6d2,12.56,11.74,11.34,2021-08-21 12:04:38
61214e46f641cb123bdb6a57,Faerie Dragon,Dragon,5,Rank 3,5d8,40.19,37.07,43.26,2021-08-21 12:04:38
61214e46f641cb123bdb6a58,Djinni,Elemental,11,Rank 4,11d10,109.24,110.02,107.22,2021-08-21 12:04:38
61214e46f641cb123bdb6a59,Hell Hound,Demonic,6,Rank 2,6d6+1,36.95,37.5,37.01,2021-08-21 12:04:38
61214e46f641cb123bdb6a5a,Zombie Villager,Undead,5,Rank 0,5d2+2,9.12,9.16,9.64,2021-08-21 12:04:38
61214e46f641cb123bdb6a5b,Onyx Wyrmling,Dragon,4,Rank 2,4d6+1,23.02,23.83,24.74,2021-08-21 12:04:38
61214e46f641cb123bdb6a5c,Sapphire Faerie,Fey,1,Rank 1,1d4+1,5.75,3.75,4.63,2021-08-21 12:04:38
61214e46f641cb123bdb6a5d,Imp,Demonic,6,Rank 0,6d2,12.41,12.95,11.41,2021-08-21 12:04:38
61214e46f641cb123bdb6a5e,Steam Devil,Devilkin,7,Rank 0,7d2+3,14.28,13.5,13.72,2021-08-21 12:04:38
61214e46f641cb123bdb6a5f,Blue Dragon,Dragon,3,Rank 1,3d4,12.55,11.06,10.6,2021-08-21 12:04:38
61214e46f641cb123bdb6a60,Steam Spirit,Fey,9,Rank 3,9d8+3,69.36,70.37,74.59,2021-08-21 12:04:38
61214e46f641cb123bdb6a61,Mud Mephit,Elemental,8,Rank 0,8d2,16.18,16.29,16.04,2021-08-21 12:04:38
61214e46f641cb123bdb6a62,Imp,Demonic,10,Rank 0,10d2+2,20.15,20.35,20.7,2021-08-21 12:04:38
61214e46f641cb123bdb6a63,Kobold Villager,Devilkin,7,Rank 2,7d6+3,41.73,41.5,40.5,2021-08-21 12:04:38
61214e46f641cb123bdb6a64,Red Faerie,Fey,8,Rank 3,8d8+3,60.01,62.33,65.29,2021-08-21 12:04:38
61214e46f641cb123bdb6a65,Mud Mephit,Elemental,6,Rank 0,6d2,11.48,11.9,11.08,2021-08-21 12:04:38
61214e46f641cb123bdb6a66,Wraith,Undead,3,Rank 1,3d4+3,11.91,12.41,11.03,2021-08-21 12:04:38
61214e46f641cb123bdb6a67,Goblin Archer,Devilkin,4,Rank 1,4d4+2,17.8,15.76,15.16,2021-08-21 12:04:38
61214e46f641cb123bdb6a68,Blue Drake,Dragon,10,Rank 1,10d4,40.3,40.08,39.16,2021-08-21 12:04:38
61214e46f641cb123bdb6a69,Dust Mephit,Elemental,5,Rank 2,5d6,28.84,30.69,28.56,2021-08-21 12:04:38
61214e46f641cb123bdb6a6a,Wight,Undead,9,Rank 2,9d6+1,55.15,52.28,56.38,2021-08-21 12:04:38
61214e46f641cb123bdb6a6b,Goblin Archer,Devilkin,9,Rank 0,9d2+1,18.08,17.31,17.71,2021-08-21 12:04:38
61214e46f641cb123bdb6a6c,Green Drake,Dragon,2,Rank 2,2d6+3,9.43,10.33,10.01,2021-08-21 12:04:38
61214e46f641cb123bdb6a6d,Green Faerie,Fey,8,Rank 3,8d8+2,61.9,64.47,63.5,2021-08-21 12:04:38
61214e46f641cb123bdb6a6e,Mud Mephit,Elemental,8,Rank 1,8d4,32.3,32.72,30.97,2021-08-21 12:04:38
61214e46f641cb123bdb6a6f,Hook Horror,Demonic,6,Rank 3,6d8+2,50.12,46.95,48.77,2021-08-21 12:04:38
61214e46f641cb123bdb6a70,Goblin Villager,Devilkin,9,Rank 0,9d2+2,18.09,17.79,17.55,2021-08-21 12:04:38
61214e46f641cb123bdb6a71,Green Dragon,Dragon,7,Rank 5,7d12+1,79.84,87.73,89.86,2021-08-21 12:04:38
61214e46f641cb123bdb6a72,Steam Spirit,Fey,8,Rank 1,8d4,33.54,32.93,32.35,2021-08-21 12:04:38
61214e46f641cb123bdb6a73,Black Demon,Demonic,4,Rank 3,4d8,32.49,32.95,34.41,2021-08-21 12:04:38
61214e46f641cb123bdb6a74,Steam Devil,Devilkin,4,Rank 3,4d8,34.82,30.94,32.65,2021-08-21 12:04:38
61214e46f641cb123bdb6a75,Faerie Dragon,Dragon,2,Rank 3,2d8+1,12.77,14.16,13.61,2021-08-21 12:04:38
61214e46f641cb123bdb6a76,Djinni,Elemental,7,Rank 3,7d8+5,56.86,53.01,53.88,2021-08-21 12:04:38
61214e46f641cb123bdb6a77,Imp,Demonic,9,Rank 0,9d2+4,18.7,17.16,18.62,2021-08-21 12:04:38
61214e46f641cb123bdb6a78,Goblin Archer,Devilkin,3,Rank 2,3d6,17.53,17.49,20.15,2021-08-21 12:04:38
61214e46f641cb123bdb6a79,Green Dragon,Dragon,3,Rank 1,3d4+1,10.95,13.97,11.24,2021-08-21 12:04:38
61214e46f641cb123bdb6a7a,Djinni,Elemental,6,Rank 1,6d4+2,24.02,25.74,23.78,2021-08-21 12:04:38
61214e46f641cb123bdb6a7b,Imp,Demonic,5,Rank 0,5d2+2,10.0,9.06,10.4,2021-08-21 12:04:38
61214e46f641cb123bdb6a7c,Skeletal Villager,Undead,7,Rank 0,7d2+1,14.5,14.11,14.66,2021-08-21 12:04:38
61214e46f641cb123bdb6a7d,Succubus,Devilkin,9,Rank 1,9d4+4,35.54,36.69,37.57,2021-08-21 12:04:38
61214e46f641cb123bdb6a7e,Red Faerie,Fey,5,Rank 3,5d8+2,38.15,39.91,39.64,2021-08-21 12:04:38
61214e46f641cb123bdb6a7f,Copper Demon,Demonic,3,Rank 4,3d10+4,29.31,32.98,28.13,2021-08-21 12:04:38
61214e46f641cb123bdb6a80,Vampire,Undead,6,Rank 2,6d6+4,35.6,33.15,35.26,2021-08-21 12:04:38
61214e46f641cb123bdb6a81,Goblin Villager,Devilkin,8,Rank 2,8d6+1,49.83,48.65,50.06,2021-08-21 12:04:38
61214e46f641cb123bdb6a82,Green Wyrmling,Dragon,3,Rank 0,3d2+2,6.65,5.95,6.57,2021-08-21 12:04:38
61214e46f641cb123bdb6a83,Green Faerie,Fey,5,Rank 3,5d8+3,37.22,42.66,41.2,2021-08-21 12:04:38
61214e46f641cb123bdb6a84,Imp,Demonic,10,Rank 4,10d10+2,99.8,98.73,96.63,2021-08-21 12:04:38
61214e46f641cb123bdb6a85,Goblin Villager,Devilkin,7,Rank 3,7d8+2,53.83,53.69,55.32,2021-08-21 12:04:38
61214e46f641cb123bdb6a86,Faerie Dragon,Dragon,6,Rank 2,6d6,35.16,35.41,35.72,2021-08-21 12:04:38
61214e46f641cb123bdb6a87,Djinni,Elemental,4,Rank 5,4d12,46.84,44.24,46.75,2021-08-21 12:04:38
61214e46f641cb123bdb6a88,Ghostly Villager,Undead,4,Rank 3,4d8+1,30.26,29.8,30.85,2021-08-21 12:04:38
61214e46f641cb123bdb6a89,Black Drake,Dragon,10,Rank 2,10d6,60.73,57.73,59.56,2021-08-21 12:04:38
61214e46f641cb123bdb6a8a,Steam Spirit,Fey,6,Rank 0,6d2,12.16,12.86,12.39,2021-08-21 12:04:38
61214e46f641cb123bdb6a8b,Smoke Elemental,Elemental,4,Rank 1,4d4,17.78,15.12,16.78,2021-08-21 12:04:38
61214e46f641cb123bdb6a8c,Imp,Demonic,4,Rank 0,4d2+3,8.67,8.1,8.86,2021-08-21 12:04:38
61214e46f641cb123bdb6a8d,Banshee,Undead,5,Rank 0,5d2+1,9.66,9.05,10.49,2021-08-21 12:04:38
61214e46f641cb123bdb6a8e,Black Drake,Dragon,2,Rank 1,2d4+2,6.22,8.23,7.52,2021-08-21 12:04:38
61214e46f641cb123bdb6a8f,Mud Spirit,Fey,4,Rank 2,4d6+1,22.02,22.9,24.54,2021-08-21 12:04:38
61214e46f641cb123bdb6a90,Dust Elemental,Elemental,4,Rank 0,4d2+2,7.43,8.61,8.93,2021-08-21 12:04:38
61214e46f641cb123bdb6a91,Quasit,Demonic,3,Rank 0,3d2+5,6.99,6.22,6.7,2021-08-21 12:04:38
61214e46f641cb123bdb6a92,Wight,Undead,7,Rank 3,7d8+4,55.37,57.46,54.41,2021-08-21 12:04:38
61214e46f641cb123bdb6a93,Dust Devil,Devilkin,5,Rank 1,5d4+4,18.77,19.06,19.71,2021-08-21 12:04:38
61214e46f641cb123bdb6a94,Blue Dragon,Dragon,7,Rank 1,7d4+1,28.36,27.29,27.22,2021-08-21 12:04:38
61214e46f641cb123bdb6a95,Mud Mephit,Elemental,6,Rank 1,6d4+2,22.69,24.4,23.54,2021-08-21 12:04:38
61214e46f641cb123bdb6a96,Pit Fiend,Demonic,8,Rank 1,8d4+2,30.54,30.5,30.45,2021-08-21 12:04:38
61214e46f641cb123bdb6a97,Incubus,Devilkin,13,Rank 0,13d2+3,26.78,26.18,26.84,2021-08-21 12:04:38
61214e46f641cb123bdb6a98,Black Drake,Dragon,4,Rank 2,4d6+1,22.77,26.72,24.36,2021-08-21 12:04:38
61214e46f641cb123bdb6a99,Black Faerie,Fey,9,Rank 0,9d2+1,17.85,18.87,17.56,2021-08-21 12:04:38
61214e46f641cb123bdb6a9a,Ice Mephit,Elemental,13,Rank 4,13d10,126.31,130.96,130.8,2021-08-21 12:04:38
61214e46f641cb123bdb6a9b,Nightmare,Demonic,4,Rank 4,4d10+1,42.88,43.25,37.69,2021-08-21 12:04:38
61214e46f641cb123bdb6a9c,Mummy,Undead,4,Rank 2,4d6+1,26.12,23.62,24.84,2021-08-21 12:04:38
61214e46f641cb123bdb6a9d,Pit Lord,Devilkin,10,Rank 3,10d8,79.56,82.59,82.13,2021-08-21 12:04:38
61214e46f641cb123bdb6a9e,Green Wyrmling,Dragon,1,Rank 1,1d4+2,3.24,4.09,5.86,2021-08-21 12:04:38
61214e46f641cb123bdb6a9f,Mud Spirit,Fey,7,Rank 0,7d2+1,14.25,14.75,14.22,2021-08-21 12:04:38
61214e46f641cb123bdb6aa0,Steam Mephit,Elemental,1,Rank 2,1d6+3,8.95,8.01,8.94,2021-08-21 12:04:38
61214e46f641cb123bdb6aa1,Hell Hound,Demonic,8,Rank 5,8d12+3,99.41,98.57,91.12,2021-08-21 12:04:38
61214e46f641cb123bdb6aa2,Steam Devil,Devilkin,6,Rank 3,6d8+2,51.47,50.32,48.25,2021-08-21 12:04:38
61214e46f641cb123bdb6aa3,Red Faerie,Fey,5,Rank 1,5d4+1,20.08,20.76,19.89,2021-08-21 12:04:38
61214e46f641cb123bdb6aa4,Dust Elemental,Elemental,6,Rank 3,6d8+4,45.51,45.17,47.05,2021-08-21 12:04:38
61214e46f641cb123bdb6aa5,Night Hag,Demonic,12,Rank 3,12d8+2,94.07,98.66,98.15,2021-08-21 12:04:38
61214e46f641cb123bdb6aa6,Revenant,Undead,4,Rank 2,4d6+1,22.56,26.43,25.06,2021-08-21 12:04:38
61214e46f641cb123bdb6aa7,Goblin Guard,Devilkin,4,Rank 1,4d4+2,15.95,15.02,16.22,2021-08-21 12:04:38
61214e46f641cb123bdb6aa8,Pseudodragon,Dragon,6,Rank 0,6d2+2,11.05,12.81,11.61,2021-08-21 12:04:38
61214e46f641cb123bdb6aa9,Blue Faerie,Fey,9,Rank 0,9d2,17.05,18.21,17.14,2021-08-21 12:04:38
61214e46f641cb123bdb6aaa,Dust Mephit,Elemental,8,Rank 3,8d8+1,64.24,61.99,66.22,2021-08-21 12:04:38
61214e46f641cb123bdb6aab,Ghoul,Undead,13,Rank 0,13d2+2,25.89,25.76,26.84,2021-08-21 12:04:38
61214e46f641cb123bdb6aac,Goblin Villager,Devilkin,8,Rank 5,8d12,94.58,96.0,92.79,2021-08-21 12:04:38
61214e46f641cb123bdb6aad,Mud Spirit,Fey,8,Rank 3,8d8,65.35,63.9,64.83,2021-08-21 12:04:38
61214e46f641cb123bdb6aae,Quasit,Demonic,5,Rank 0,5d2+1,10.38,9.82,9.3,2021-08-21 12:04:38
61214e46f641cb123bdb6aaf,Death Knight,Undead,7,Rank 0,7d2+4,14.9,14.18,14.05,2021-08-21 12:04:38
61214e46f641cb123bdb6ab0,Red Wyrmling,Dragon,3,Rank 0,3d2,5.33,5.36,5.33,2021-08-21 12:04:38
61214e46f641cb123bdb6ab1,Steam Spirit,Fey,8,Rank 2,8d6+4,46.43,47.59,47.78,2021-08-21 12:04:38
61214e46f641cb123bdb6ab2,Steam Mephit,Elemental,6,Rank 0,6d2+2,11.7,11.27,12.16,2021-08-21 12:04:38
61214e46f641cb123bdb6ab3,Hook Horror,Demonic,3,Rank 0,3d2+2,6.9,6.1,5.42,2021-08-21 12:04:38
61214e46f641cb123bdb6ab4,Skeletal Archer,Undead,9,Rank 1,9d4+3,36.21,37.84,34.45,2021-08-21 12:04:38
61214e46f641cb123bdb6ab5,Pit Lord,Devilkin,4,Rank 1,4d4,16.31,17.47,15.39,2021-08-21 12:04:38
61214e46f641cb123bdb6ab6,Steam Spirit,Fey,5,Rank 0,5d2+1,10.08,9.75,9.79,2021-08-21 12:04:38
61214e46f641cb123bdb6ab7,Imp,Demonic,5,Rank 1,5d4,18.83,20.59,21.8,2021-08-21 12:04:38
61214e46f641cb123bdb6ab8,Ghoul,Undead,10,Rank 2,10d6+3,61.35,58.99,62.22,2021-08-21 12:04:38
61214e46f641cb123bdb6ab9,White Wyrmling,Dragon,5,Rank 4,5d10+3,48.44,46.36,48.76,2021-08-21 12:04:38
61214e46f641cb123bdb6aba,Red Faerie,Fey,7,Rank 3,7d8+2,54.68,57.13,56.6,2021-08-21 12:04:38
61214e46f641cb123bdb6abb,Djinni,Elemental,4,Rank 0,4d2+3,8.61,8.25,8.75,2021-08-21 12:04:38
61214e46f641cb123bdb6abc,Skeletal Villager,Undead,13,Rank 0,13d2+4,26.87,26.72,26.66,2021-08-21 12:04:38
61214e46f641cb123bdb6abd,Kobold Villager,Devilkin,4,Rank 5,4d12,53.93,48.35,45.48,2021-08-21 12:04:38
61214e46f641cb123bdb6abe,Black Drake,Dragon,3,Rank 0,3d2,5.91,5.4,5.91,2021-08-21 12:04:38
61214e46f641cb123bdb6abf,Black Faerie,Fey,10,Rank 0,10d2,20.02,20.44,20.62,2021-08-21 12:04:38
61214e46f641cb123bdb6ac0,Djinni,Elemental,4,Rank 1,4d4+1,15.95,15.69,15.32,2021-08-21 12:04:38
61214e46f641cb123bdb6ac1,Demilich,Undead,6,Rank 3,6d8,47.16,47.62,44.58,2021-08-21 12:04:38
61214e46f641cb123bdb6ac2,Kobold Villager,Devilkin,5,Rank 3,5d8+2,38.86,39.93,42.25,2021-08-21 12:04:38
61214e46f641cb123bdb6ac3,Faerie Dragon,Dragon,7,Rank 1,7d4,29.76,29.9,27.25,2021-08-21 12:04:38
61214e46f641cb123bdb6ac4,Red Faerie,Fey,6,Rank 1,6d4+4,24.64,23.46,23.38,2021-08-21 12:04:38
61214e46f641cb123bdb6ac5,Ice Elemental,Elemental,10,Rank 0,10d2+2,20.86,20.76,19.8,2021-08-21 12:04:38
61214e46f641cb123bdb6ac6,Hook Horror,Demonic,4,Rank 3,4d8+1,29.0,32.21,33.38,2021-08-21 12:04:38
61214e46f641cb123bdb6ac7,Steam Devil,Devilkin,5,Rank 0,5d2,10.97,9.24,9.38,2021-08-21 12:04:38
61214e46f641cb123bdb6ac8,White Wyrmling,Dragon,6,Rank 1,6d4,25.53,24.43,23.7,2021-08-21 12:04:38
61214e46f641cb123bdb6ac9,Mud Spirit,Fey,9,Rank 1,9d4+2,35.06,35.11,36.65,2021-08-21 12:04:38
61214e46f641cb123bdb6aca,Efreeti,Elemental,7,Rank 0,7d2+1,13.4,14.84,13.55,2021-08-21 12:04:38
61214e46f641cb123bdb6acb,Night Hag,Demonic,5,Rank 1,5d4+2,19.05,18.95,20.38,2021-08-21 12:04:38
61214e46f641cb123bdb6acc,Zombie Guard,Undead,8,Rank 2,8d6+2,49.54,47.44,49.44,2021-08-21 12:04:38
61214e46f641cb123bdb6acd,Goblin Villager,Devilkin,7,Rank 0,7d2+2,13.37,13.92,13.09,2021-08-21 12:04:38
61214e46f641cb123bdb6ace,Red Faerie,Fey,5,Rank 4,5d10+2,45.11,46.08,54.06,2021-08-21 12:04:38
61214e46f641cb123bdb6acf,Dust Mephit,Elemental,5,Rank 1,5d4+1,20.14,19.35,20.28,2021-08-21 12:04:38
61214e46f641cb123bdb6ad0,Night Hag,Demonic,5,Rank 4,5d10+1,50.63,52.09,52.17,2021-08-21 12:04:38
61214e46f641cb123bdb6ad1,Goblin Villager,Devilkin,4,Rank 0,4d2,7.93,8.29,8.97,2021-08-21 12:04:38
61214e46f641cb123bdb6ad2,Copper Drake,Dragon,9,Rank 0,9d2+3,17.61,18.11,18.38,2021-08-21 12:04:38
61214e46f641cb123bdb6ad3,Green Faerie,Fey,6,Rank 0,6d2+5,11.41,11.49,12.49,2021-08-21 12:04:38
61214e46f641cb123bdb6ad4,Efreeti,Elemental,2,Rank 1,2d4+1,9.71,7.01,7.33,2021-08-21 12:04:38
61214e46f641cb123bdb6ad5,Night Hag,Demonic,5,Rank 4,5d10+3,46.73,51.34,54.26,2021-08-21 12:04:38
61214e46f641cb123bdb6ad6,Goblin Villager,Devilkin,7,Rank 4,7d10+2,73.76,69.22,66.81,2021-08-21 12:04:38
61214e46f641cb123bdb6ad7,Green Faerie,Fey,7,Rank 0,7d2+2,14.56,13.75,14.07,2021-08-21 12:04:38
61214e46f641cb123bdb6ad8,Ice Mephit,Elemental,3,Rank 0,3d2+1,6.06,5.51,6.67,2021-08-21 12:04:38
61214e46f641cb123bdb6ad9,Quasit,Demonic,4,Rank 1,4d4+2,15.03,14.6,14.52,2021-08-21 12:04:38
61214e46f641cb123bdb6ada,Wight,Undead,3,Rank 2,3d6+3,15.07,19.12,16.65,2021-08-21 12:04:38
61214e46f641cb123bdb6adb,Steam Devil,Devilkin,8,Rank 2,8d6+3,47.26,46.88,48.06,2021-08-21 12:04:38
61214e46f641cb123bdb6adc,Dust Spirit,Fey,3,Rank 1,3d4,12.71,12.2,11.22,2021-08-21 12:04:38
61214e46f641cb123bdb6add,Steam Elemental,Elemental,7,Rank 1,7d4+2,27.19,28.19,27.57,2021-08-21 12:04:38
61214e46f641cb123bdb6ade,Banshee,Undead,6,Rank 0,6d2+4,12.73,12.99,11.6,2021-08-21 12:04:38
61214e46f641cb123bdb6adf,Ice Devil,Devilkin,7,Rank 3,7d8+1,53.24,53.27,52.78,2021-08-21 12:04:38
61214e46f641cb123bdb6ae0,Blue Faerie,Fey,5,Rank 1,5d4+1,20.58,20.48,20.72,2021-08-21 12:04:38
61214e46f641cb123bdb6ae1,Mud Elemental,Elemental,6,Rank 3,6d8+1,44.59,49.12,45.6,2021-08-21 12:04:38
61214e46f641cb123bdb6ae2,Nightmare,Demonic,8,Rank 0,8d2+1,15.79,16.39,15.29,2021-08-21 12:04:38
61214e46f641cb123bdb6ae3,Ghoul,Undead,5,Rank 0,5d2,9.91,10.99,9.76,2021-08-21 12:04:38
61214e46f641cb123bdb6ae4,Goblin Villager,Devilkin,4,Rank 2,4d6,25.63,25.13,22.12,2021-08-21 12:04:38
61214e46f641cb123bdb6ae5,Faerie Dragon,Dragon,8,Rank 0,8d2+3,16.85,16.19,15.46,2021-08-21 12:04:38
61214e46f641cb123bdb6ae6,Ice Elemental,Elemental,8,Rank 1,8d4,33.24,31.23,32.59,2021-08-21 12:04:38
61214e46f641cb123bdb6ae7,Imp,Demonic,6,Rank 0,6d2+1,11.15,11.7,12.64,2021-08-21 12:04:38
61214e46f641cb123bdb6ae8,Pit Lord,Devilkin,8,Rank 0,8d2+3,16.12,16.61,16.72,2021-08-21 12:04:38
61214e46f641cb123bdb6ae9,Pseudodragon,Dragon,7,Rank 3,7d8+1,53.21,56.23,53.76,2021-08-21 12:04:38
61214e46f641cb123bdb6aea,Mud Spirit,Fey,3,Rank 0,3d2,5.99,6.68,5.02,2021-08-21 12:04:38
61214e46f641cb123bdb6aeb,Steam Mephit,Elemental,10,Rank 2,10d6+2,59.31,61.64,58.34,2021-08-21 12:04:38
61214e46f641cb123bdb6aec,Night Hag,Demonic,12,Rank 1,12d4,46.41,49.97,48.8,2021-08-21 12:04:38
61214e46f641cb123bdb6aed,Goblin Villager,Devilkin,9,Rank 0,9d2+4,17.37,17.14,18.51,2021-08-21 12:04:38
61214e46f641cb123bdb6aee,Steam Archfey,Fey,8,Rank 0,8d2+2,16.2,15.0,15.29,2021-08-21 12:04:38
61214e46f641cb123bdb6aef,Quasit,Demonic,7,Rank 3,7d8+2,53.71,54.98,53.09,2021-08-21 12:04:38
61214e46f641cb123bdb6af0,Banshee,Undead,7,Rank 2,7d6,40.31,42.77,42.27,2021-08-21 12:04:38
61214e46f641cb123bdb6af1,Red Dragon,Dragon,3,Rank 2,3d6+2,17.41,20.45,19.87,2021-08-21 12:04:38
61214e46f641cb123bdb6af2,Steam Spirit,Fey,7,Rank 1,7d4+1,26.3,28.29,26.43,2021-08-21 12:04:38
61214e46f641cb123bdb6af3,Mud Mephit,Elemental,7,Rank 4,7d10+1,67.76,67.84,74.95,2021-08-21 12:04:38
61214e46f641cb123bdb6af4,Ghostly Villager,Undead,6,Rank 0,6d2+2,12.35,12.16,11.8,2021-08-21 12:04:38
61214e46f641cb123bdb6af5,Goblin Archer,Devilkin,6,Rank 2,6d6+2,36.91,33.33,34.65,2021-08-21 12:04:38
61214e46f641cb123bdb6af6,Mud Spirit,Fey,4,Rank 0,4d2+2,8.86,7.85,7.1,2021-08-21 12:04:38
61214e46f641cb123bdb6af7,Dust Elemental,Elemental,4,Rank 0,4d2+1,9.0,7.1,8.48,2021-08-21 12:04:38
61214e46f641cb123bdb6af8,Imp,Demonic,8,Rank 0,8d2+2,15.71,15.63,16.03,2021-08-21 12:04:38
61214e46f641cb123bdb6af9,Ghostly Guard,Undead,8,Rank 3,8d8+2,66.22,62.66,63.36,2021-08-21 12:04:38
61214e46f641cb123bdb6afa,Goblin Archer,Devilkin,7,Rank 4,7d10,72.26,68.56,66.23,2021-08-21 12:04:38
61214e46f641cb123bdb6afb,White Faerie,Fey,5,Rank 1,5d4+1,20.95,19.48,19.67,2021-08-21 12:04:38
61214e46f641cb123bdb6afc,Steam Mephit,Elemental,4,Rank 3,4d8,32.3,35.65,30.11,2021-08-21 12:04:38
61214e46f641cb123bdb6afd,Mummy,Undead,7,Rank 3,7d8,52.41,58.35,57.85,2021-08-21 12:04:38
61214e46f641cb123bdb6afe,Kobold Villager,Devilkin,5,Rank 3,5d8+2,38.23,39.2,42.82,2021-08-21 12:04:38
61214e46f641cb123bdb6aff,Green Faerie,Fey,9,Rank 0,9d2+4,17.5,17.02,17.74,2021-08-21 12:04:38
61214e46f641cb123bdb6b00,Mud Mephit,Elemental,8,Rank 1,8d4,33.64,31.19,33.6,2021-08-21 12:04:38
61214e46f641cb123bdb6b01,Balor,Demonic,7,Rank 0,7d2,14.0,14.08,14.74,2021-08-21 12:04:38
61214e46f641cb123bdb6b02,Demilich,Undead,5,Rank 0,5d2+1,9.45,9.76,10.93,2021-08-21 12:04:38
61214e46f641cb123bdb6b03,Pit Lord,Devilkin,6,Rank 1,6d4+2,23.99,23.39,23.4,2021-08-21 12:04:38
61214e46f641cb123bdb6b04,Green Wyrmling,Dragon,7,Rank 2,7d6+3,43.36,40.14,39.88,2021-08-21 12:04:38
61214e46f641cb123bdb6b05,Steam Mephit,Elemental,5,Rank 0,5d2+2,9.93,9.06,10.41,2021-08-21 12:04:38
61214e46f641cb123bdb6b06,Red Demon,Demonic,6,Rank 0,6d2+2,11.78,12.29,12.91,2021-08-21 12:04:38
61214e46f641cb123bdb6b07,Goblin Villager,Devilkin,6,Rank 5,6d12,77.28,66.53,75.52,2021-08-21 12:04:38
61214e46f641cb123bdb6b08,Steam Spirit,Fey,3,Rank 3,3d8,26.75,24.7,26.96,2021-08-21 12:04:38
61214e46f641cb123bdb6b09,Mud Mephit,Elemental,4,Rank 2,4d6+1,25.42,24.26,23.18,2021-08-21 12:04:38
61214e46f641cb123bdb6b0a,Hell Hound,Demonic,8,Rank 4,8d10+2,81.15,77.9,84.31,2021-08-21 12:04:38
61214e46f641cb123bdb6b0b,Ghoul,Undead,7,Rank 1,7d4,27.79,29.63,27.57,2021-08-21 12:04:38
61214e46f641cb123bdb6b0c,Kobold Archer,Devilkin,4,Rank 2,4d6,24.15,25.32,24.11,2021-08-21 12:04:38
61214e46f641cb123bdb6b0d,Black Faerie,Fey,6,Rank 2,6d6,37.48,38.13,37.03,2021-08-21 12:04:38
61214e46f641cb123bdb6b0e,Ice Elemental,Elemental,2,Rank 0,2d2+1,4.63,4.48,4.95,2021-08-21 12:04:38
61214e46f641cb123bdb6b0f,Imp,Demonic,7,Rank 3,7d8,55.37,54.29,57.17,2021-08-21 12:04:38
61214e46f641cb123bdb6b10,Goblin Archer,Devilkin,6,Rank 1,6d4+2,25.15,25.28,22.64,2021-08-21 12:04:38
61214e46f641cb123bdb6b11,Pseudodragon,Dragon,5,Rank 0,5d2+2,10.89,9.65,10.73,2021-08-21 12:04:38
61214e46f641cb123bdb6b12,Mud Elemental,Elemental,4,Rank 0,4d2+4,7.39,8.73,8.55,2021-08-21 12:04:38
61214e46f641cb123bdb6b13,Hook Horror,Demonic,5,Rank 4,5d10+1,54.67,50.86,47.03,2021-08-21 12:04:38
61214e46f641cb123bdb6b14,Pit Lord,Devilkin,4,Rank 0,4d2+1,8.71,7.15,8.22,2021-08-21 12:04:38
61214e46f641cb123bdb6b15,Blue Wyrmling,Dragon,5,Rank 1,5d4+1,20.87,21.0,20.11,2021-08-21 12:04:38
61214e46f641cb123bdb6b16,Mud Mephit,Elemental,5,Rank 1,5d4+1,20.81,21.46,19.5,2021-08-21 12:04:38
6123d921dd57f162e83c639d,Lich,Undead,15,Rank 5,15d12+1,177.66,175.11,180.25,2021-08-23 10:21:37
612659b585882aedb17dbf5d,drop all,Dragon,20,Rank 5,20d12,238.54,242.9,236.94,2021-08-25 07:54:45
6126609b85882aedb17dbf7d,Bandersnatch,Demonic,20,Rank 5,20d12,241.77,244.66,237.08,2021-08-25 08:24:11
